,Year,Quarter,Subject,ID,College,MinUnit,Unit,PassNP,Letter,Monday,Tuesday,Wednesday,Thursday,Friday,StartTime,EndTime,Building,CurEnroll,MaxEnroll,RatioEnroll
0,,2,ASTRO,1,L&S,,4.0,1,1,0,1,0,1,0,930.0,1005.0,BRDA,168,168,1.0
1,,2,ASTRO,1,L&S,,4.0,1,1,0,1,0,0,0,1020.0,1070.0,GIRV,42,42,1.0
2,,2,ASTRO,1,L&S,,4.0,1,1,0,0,1,0,0,1020.0,1070.0,NH,42,42,1.0
3,,2,ASTRO,1,L&S,,4.0,1,1,0,0,1,0,0,1080.0,1130.0,GIRV,42,42,1.0
4,,2,ASTRO,1,L&S,,4.0,1,1,0,0,0,0,1,840.0,890.0,,42,42,1.0
5,,2,ASTRO,1H,L&S,,1.0,1,1,0,0,1,0,0,840.0,915.0,GIRV,0,30,0.0
6,,2,ASTRO,2,L&S,,4.0,1,1,0,1,0,1,0,840.0,915.0,BRDA,56,94,0.5957446808510638
7,,2,ASTRO,2,L&S,,4.0,1,1,1,0,0,0,0,1080.0,1130.0,NH,24,42,0.5714285714285714
8,,2,ASTRO,2,L&S,,4.0,1,1,0,0,0,1,0,1020.0,1070.0,GIRV,32,42,0.7619047619047619
9,,2,CH ST,1C,L&S,,4.0,1,1,1,0,1,0,0,570.0,645.0,NH,120,120,1.0
10,,2,CH ST,1C,L&S,,4.0,1,1,0,0,1,0,0,840.0,890.0,HSSB,20,20,1.0
11,,2,CH ST,1C,L&S,,4.0,1,1,0,0,1,0,0,900.0,950.0,HSSB,20,20,1.0
12,,2,CH ST,1C,L&S,,4.0,1,1,0,0,1,0,0,960.0,1010.0,HSSB,20,20,1.0
13,,2,CH ST,1C,L&S,,4.0,1,1,0,0,0,1,0,780.0,830.0,HSSB,20,20,1.0
14,,2,CH ST,1C,L&S,,4.0,1,1,0,0,0,0,1,720.0,770.0,GIRV,20,20,1.0
15,,2,CH ST,1C,L&S,,4.0,1,1,0,0,0,0,1,840.0,890.0,SH,20,20,1.0
16,,2,CH ST,99,L&S,1.0,4.0,1,1,0,0,0,0,0,,,nan,0,10,0.0
17,,2,CH ST,125B,L&S,,4.0,1,1,1,0,0,0,0,900.0,1070.0,GIRV,35,35,1.0
18,,2,CH ST,131,L&S,,4.0,1,1,0,1,0,1,0,1020.0,1095.0,GIRV,29,35,0.8285714285714286
19,,2,CH ST,156,L&S,,4.0,1,1,1,0,1,0,0,660.0,735.0,SH,30,35,0.8571428571428571
20,,2,CH ST,165,L&S,,4.0,1,1,0,1,0,1,0,750.0,825.0,GIRV,40,35,1.1428571428571428
21,,2,CH ST,168GQ,L&S,,4.0,0,1,0,0,1,0,1,840.0,915.0,GIRV,25,35,0.7142857142857143
22,,2,CH ST,187,L&S,,4.0,1,1,0,1,0,1,0,750.0,825.0,EMBARHALL,100,100,1.0
23,,2,CH ST,187,L&S,,4.0,1,1,0,0,0,1,0,960.0,1010.0,SH,25,25,1.0
24,,2,CH ST,187,L&S,,4.0,1,1,0,0,0,1,0,1020.0,1070.0,SH,25,25,1.0
25,,2,CH ST,187,L&S,,4.0,1,1,0,0,0,0,1,540.0,590.0,HSSB,25,25,1.0
26,,2,CH ST,187,L&S,,4.0,1,1,0,0,0,0,1,600.0,650.0,HSSB,25,25,1.0
27,,2,CH ST,191N,L&S,,4.0,1,1,0,1,0,1,0,570.0,645.0,PHELP,35,35,1.0
28,,2,CH ST,191NL,L&S,,4.0,1,1,0,0,0,1,0,840.0,950.0,NH,0,35,0.0
29,,2,CH ST,193,L&S,,4.0,0,1,1,0,1,0,0,750.0,825.0,HSSB,8,25,0.32
30,,2,CH ST,193,L&S,,4.0,0,1,0,1,0,1,0,930.0,1005.0,BUCHN,4,25,0.16
31,,2,CH ST,195C,L&S,1.0,5.0,1,1,1,0,0,0,0,1080.0,1250.0,GIRV,0,15,0.0
32,,2,CH ST,197HC,L&S,,4.0,0,1,1,0,0,0,0,840.0,890.0,HSSB,6,20,0.3
33,,2,CH ST,199,L&S,1.0,5.0,1,1,0,0,0,0,0,,,nan,0,40,0.0
34,,2,CH ST,199RA,L&S,1.0,5.0,1,1,0,0,0,0,0,,,nan,0,10,0.0
35,,2,ED,20,GSE,,3.0,1,1,0,0,0,1,0,930.0,1005.0,IV   THEA,200,200,1.0
36,,2,ED,20,GSE,,3.0,1,1,0,0,0,1,0,1020.0,1095.0,ED,25,25,1.0
37,,2,ED,20,GSE,,3.0,1,1,0,0,0,1,0,1020.0,1095.0,ED,25,25,1.0
38,,2,ED,20,GSE,,3.0,1,1,0,0,0,1,0,1020.0,1095.0,ED,25,25,1.0
39,,2,ED,20,GSE,,3.0,1,1,0,0,0,1,0,1020.0,1095.0,ED,25,25,1.0
40,,2,ED,20,GSE,,3.0,1,1,0,0,0,1,0,1020.0,1095.0,NH,25,25,1.0
41,,2,ED,20,GSE,,3.0,1,1,0,0,0,1,0,1020.0,1095.0,ARTS,25,25,1.0
42,,2,ED,20,GSE,,3.0,1,1,0,0,0,1,0,1020.0,1095.0,ARTS,25,25,1.0
43,,2,ED,20,GSE,,3.0,1,1,0,0,0,1,0,1020.0,1095.0,ARTS,25,25,1.0
44,,2,ED,20,GSE,,3.0,1,1,0,0,0,1,0,1020.0,1095.0,PHELP,0,25,0.0
45,,2,ED,20,GSE,,3.0,1,1,0,0,0,1,0,1020.0,1095.0,TD-W,0,25,0.0
46,,2,ED,20,GSE,,3.0,1,1,0,0,0,1,0,1020.0,1095.0,PHELP,0,25,0.0
47,,2,ED,20,GSE,,3.0,1,1,0,0,0,1,0,1020.0,1095.0,PHELP,0,25,0.0
48,,2,ED,20,GSE,,3.0,1,1,0,0,0,1,0,1020.0,1095.0,PHELP,0,25,0.0
49,,2,ED,99,GSE,1.0,5.0,1,1,0,0,0,0,0,,,nan,0,20,0.0
50,,2,ED,111,GSE,,4.0,1,1,0,0,1,0,0,720.0,830.0,IV   THEA,120,120,1.0
51,,2,ED,111,GSE,,4.0,1,1,0,0,0,1,0,540.0,590.0,ED,21,20,1.05
52,,2,ED,111,GSE,,4.0,1,1,0,0,0,1,0,600.0,650.0,ED,20,20,1.0
53,,2,ED,111,GSE,,4.0,1,1,0,0,0,1,0,660.0,710.0,ED,20,20,1.0
54,,2,ED,111,GSE,,4.0,1,1,0,0,0,1,0,720.0,770.0,ED,19,20,0.95
55,,2,ED,111,GSE,,4.0,1,1,0,0,0,1,0,780.0,830.0,ED,20,20,1.0
56,,2,ED,111,GSE,,4.0,1,1,0,0,0,1,0,840.0,890.0,ED,20,20,1.0
57,,2,ED,120,GSE,,4.0,1,1,1,0,0,0,0,780.0,855.0,ED,0,20,0.0
58,,2,ED,121,GSE,,3.0,1,1,0,0,1,0,0,600.0,710.0,ED,38,25,1.52
59,,2,ED,123,GSE,,4.0,0,1,0,1,0,0,0,780.0,890.0,ED,60,60,1.0
60,,2,ED,123,GSE,,4.0,0,1,0,0,0,0,1,540.0,590.0,ED,15,15,1.0
61,,2,ED,123,GSE,,4.0,0,1,0,0,0,0,1,600.0,650.0,ED,15,15,1.0
62,,2,ED,123,GSE,,4.0,0,1,0,0,0,0,1,660.0,710.0,ED,15,15,1.0
63,,2,ED,123,GSE,,4.0,0,1,0,0,0,0,1,720.0,770.0,ED,15,15,1.0
64,,2,ED,124,GSE,,4.0,0,1,1,0,0,0,0,960.0,1070.0,ED,40,40,1.0
65,,2,ED,128,GSE,,3.0,0,1,0,0,1,0,0,840.0,1010.0,ED,30,30,1.0
66,,2,ED,131,GSE,,3.0,0,1,0,1,0,1,0,840.0,915.0,ED,29,30,0.9666666666666667
67,,2,ED,135,GSE,,4.0,1,1,0,1,0,1,0,540.0,650.0,ED,10,25,0.4
68,,2,ED,136,GSE,,4.0,1,1,1,0,0,0,1,900.0,1010.0,ED,10,10,1.0
69,,2,ED,142,GSE,,4.0,1,1,0,1,0,0,0,1020.0,1220.0,ED,0,25,0.0
70,,2,ED,176B,GSE,,4.0,1,1,0,0,1,0,0,840.0,950.0,ED,40,40,1.0
71,,2,ED,190,GSE,,4.0,0,1,0,0,1,0,0,900.0,1070.0,BUCHN,147,147,1.0
72,,2,ED,191W,GSE,,4.0,1,1,0,1,0,0,0,930.0,1005.0,WEBB,74,80,0.925
73,,2,ED,191W,GSE,,4.0,1,1,0,0,0,1,0,840.0,950.0,ED,37,35,1.0571428571428572
74,,2,ED,191W,GSE,,4.0,1,1,0,0,0,1,0,840.0,950.0,ED,37,35,1.0571428571428572
75,,2,ED,197,GSE,2.0,4.0,1,1,1,0,1,0,0,840.0,915.0,ED,25,25,1.0
76,,2,ED,197,GSE,2.0,4.0,1,1,0,0,1,0,0,840.0,1010.0,GIRV,17,60,0.2833333333333333
77,,2,ED,199,GSE,1.0,5.0,1,1,0,0,0,0,0,,,nan,0,20,0.0
78,,2,ED,199RA,GSE,1.0,5.0,1,1,0,0,0,0,0,,,nan,0,20,0.0
79,,2,ARTHI,6C,L&S,,4.0,1,1,0,1,0,1,0,660.0,735.0,IV   THEA,529,529,1.0
80,,2,ARTHI,6C,L&S,,4.0,1,1,0,0,1,0,0,780.0,830.0,ARTS,25,25,1.0
81,,2,ARTHI,6C,L&S,,4.0,1,1,0,0,1,0,0,840.0,890.0,ARTS,25,25,1.0
82,,2,ARTHI,6C,L&S,,4.0,1,1,0,1,0,0,0,900.0,950.0,ARTS,25,25,1.0
83,,2,ARTHI,6C,L&S,,4.0,1,1,0,1,0,0,0,960.0,1010.0,ARTS,25,25,1.0
84,,2,ARTHI,6C,L&S,,4.0,1,1,0,1,0,0,0,1020.0,1070.0,ARTS,25,25,1.0
85,,2,ARTHI,6C,L&S,,4.0,1,1,0,1,0,0,0,840.0,890.0,ARTS,8,10,0.8
86,,2,ARTHI,6C,L&S,,4.0,1,1,0,0,0,1,0,480.0,530.0,ARTS,25,25,1.0
87,,2,ARTHI,6C,L&S,,4.0,1,1,0,0,1,0,0,540.0,590.0,ARTS,25,25,1.0
88,,2,ARTHI,6C,L&S,,4.0,1,1,0,0,1,0,0,600.0,650.0,ARTS,25,25,1.0
89,,2,ARTHI,6C,L&S,,4.0,1,1,0,1,0,0,0,780.0,830.0,ARTS,25,25,1.0
90,,2,ARTHI,6C,L&S,,4.0,1,1,0,1,0,0,0,840.0,890.0,ARTS,25,25,1.0
91,,2,ARTHI,6C,L&S,,4.0,1,1,0,0,1,0,0,960.0,1010.0,ARTS,25,25,1.0
92,,2,ARTHI,6C,L&S,,4.0,1,1,0,0,1,0,0,900.0,950.0,ARTS,25,25,1.0
93,,2,ARTHI,6C,L&S,,4.0,1,1,0,0,1,0,0,1020.0,1070.0,ARTS,25,25,1.0
94,,2,ARTHI,6C,L&S,,4.0,1,1,0,0,0,1,0,480.0,530.0,ARTS,25,25,1.0
95,,2,ARTHI,6C,L&S,,4.0,1,1,0,0,0,1,0,540.0,590.0,ARTS,24,25,0.96
96,,2,ARTHI,6C,L&S,,4.0,1,1,0,0,0,1,0,540.0,590.0,ARTS,25,25,1.0
97,,2,ARTHI,6C,L&S,,4.0,1,1,0,0,1,0,0,840.0,890.0,ARTS,25,25,1.0
98,,2,ARTHI,6C,L&S,,4.0,1,1,0,0,1,0,0,900.0,950.0,ARTS,24,25,0.96
99,,2,ARTHI,6C,L&S,,4.0,1,1,0,0,1,0,0,960.0,1010.0,ARTS,24,25,0.96
100,,2,ARTHI,6C,L&S,,4.0,1,1,0,0,1,0,0,1080.0,1130.0,ARTS,24,25,0.96
101,,2,ARTHI,6C,L&S,,4.0,1,1,0,1,0,0,0,1080.0,1130.0,ARTS,25,25,1.0
102,,2,ARTHI,6DS,L&S,,4.0,1,1,1,0,1,0,0,840.0,915.0,HSSB,95,95,1.0
103,,2,ARTHI,6DS,L&S,,4.0,1,1,0,0,0,1,0,780.0,830.0,ARTS,25,25,1.0
104,,2,ARTHI,6DS,L&S,,4.0,1,1,0,0,0,1,0,840.0,890.0,ARTS,25,25,1.0
105,,2,ARTHI,6DS,L&S,,4.0,1,1,0,0,0,1,0,900.0,950.0,ARTS,23,25,0.92
106,,2,ARTHI,6DS,L&S,,4.0,1,1,0,0,0,1,0,960.0,1010.0,ARTS,22,25,0.88
107,,2,ARTHI,6E,L&S,,4.0,1,1,1,0,1,0,0,570.0,645.0,HSSB,95,95,1.0
108,,2,ARTHI,6E,L&S,,4.0,1,1,0,1,0,0,0,660.0,710.0,ARTS,25,25,1.0
109,,2,ARTHI,6E,L&S,,4.0,1,1,0,1,0,0,0,720.0,770.0,ARTS,25,25,1.0
110,,2,ARTHI,6E,L&S,,4.0,1,1,0,1,0,0,0,840.0,890.0,ARTS,24,25,0.96
111,,2,ARTHI,6E,L&S,,4.0,1,1,0,1,0,0,0,900.0,950.0,ARTS,21,25,0.84
112,,2,ARTHI,6H,L&S,,4.0,1,1,1,0,1,0,0,1020.0,1095.0,HSSB,95,95,1.0
113,,2,ARTHI,6H,L&S,,4.0,1,1,0,0,1,0,0,660.0,710.0,ARTS,25,25,1.0
114,,2,ARTHI,6H,L&S,,4.0,1,1,0,0,1,0,0,720.0,770.0,ARTS,24,25,0.96
115,,2,ARTHI,6H,L&S,,4.0,1,1,0,1,0,0,0,720.0,770.0,ARTS,22,25,0.88
116,,2,ARTHI,6H,L&S,,4.0,1,1,0,1,0,0,0,780.0,830.0,ARTS,24,25,0.96
117,,2,ARTHI,6L,L&S,,4.0,1,1,1,0,1,0,0,480.0,555.0,HSSB,95,95,1.0
118,,2,ARTHI,6L,L&S,,4.0,1,1,1,0,0,0,0,840.0,890.0,ARTS,25,25,1.0
119,,2,ARTHI,6L,L&S,,4.0,1,1,1,0,0,0,0,900.0,950.0,ARTS,24,25,0.96
120,,2,ARTHI,6L,L&S,,4.0,1,1,1,0,0,0,0,960.0,1010.0,ARTS,21,25,0.84
121,,2,ARTHI,6L,L&S,,4.0,1,1,1,0,0,0,0,1020.0,1070.0,ARTS,25,25,1.0
122,,2,ARTHI,109B,L&S,,4.0,1,1,1,0,1,0,0,930.0,1005.0,TD-W,30,30,1.0
123,,2,ARTHI,115E,L&S,,4.0,1,1,1,0,1,0,0,750.0,825.0,ARTS,50,50,1.0
124,,2,ARTHI,120CV,L&S,,4.0,1,1,1,0,1,0,0,660.0,735.0,ARTS,29,26,1.1153846153846154
125,,2,ARTHI,121B,L&S,,4.0,1,1,0,1,0,1,0,930.0,1005.0,ARTS,50,50,1.0
126,,2,ARTHI,121C,L&S,,4.0,1,1,0,1,0,1,0,660.0,735.0,ARTS,50,50,1.0
127,,2,ARTHI,127B,L&S,,4.0,1,1,0,1,0,1,0,570.0,645.0,ARTS,50,50,1.0
128,,2,ARTHI,132I,L&S,,4.0,1,1,1,0,1,0,0,660.0,735.0,ARTS,50,50,1.0
129,,2,ARTHI,134A,L&S,,4.0,1,1,0,1,0,1,0,840.0,915.0,ARTS,0,50,0.0
130,,2,ARTHI,134F,L&S,,4.0,1,1,1,0,1,0,0,840.0,915.0,ARTS,0,50,0.0
131,,2,ARTHI,136B,L&S,,4.0,1,1,1,0,1,0,0,570.0,645.0,ARTS,50,50,1.0
132,,2,ARTHI,141B,L&S,,4.0,1,0,0,0,0,0,0,,,nan,0,10,0.0
133,,2,ARTHI,141E,L&S,1.0,4.0,1,1,0,0,0,1,0,930.0,1005.0,ARTS,3,10,0.3
134,,2,ARTHI,141F,L&S,1.0,4.0,1,1,0,0,0,1,0,930.0,1005.0,ARTS,0,10,0.0
135,,2,ARTHI,185AE,L&S,,4.0,1,1,0,1,0,1,0,750.0,825.0,ARTS,42,50,0.84
136,,2,ARTHI,186F,L&S,,4.0,0,1,0,1,0,0,0,840.0,1010.0,HSSB,13,15,0.8666666666666667
137,,2,ARTHI,186SJ,L&S,,4.0,0,1,1,0,0,0,0,900.0,1070.0,ARTS,0,15,0.0
138,,2,ARTHI,187W,L&S,,4.0,0,1,1,0,0,0,0,660.0,830.0,ARTS,15,15,1.0
139,,2,ARTHI,187Z,L&S,,4.0,0,1,1,0,0,0,0,660.0,830.0,ARTS,2,15,0.13333333333333333
140,,2,ARTHI,198,L&S,1.0,5.0,1,1,0,0,0,0,0,,,nan,0,50,0.0
141,,2,ARTHI,199,L&S,1.0,5.0,1,1,0,0,0,0,0,,,nan,0,30,0.0
142,,2,ARTHI,199RA,L&S,1.0,5.0,1,1,0,0,0,0,0,,,nan,0,50,0.0
143,,2,COMM,1,L&S,,5.0,1,1,0,1,0,1,0,480.0,555.0,EMBARHALL,225,225,1.0
144,,2,COMM,1,L&S,,5.0,1,1,0,0,0,0,1,480.0,530.0,HSSB,25,25,1.0
145,,2,COMM,1,L&S,,5.0,1,1,0,0,0,0,1,540.0,590.0,GIRV,25,25,1.0
146,,2,COMM,1,L&S,,5.0,1,1,0,0,0,0,1,600.0,650.0,NH,25,25,1.0
147,,2,COMM,1,L&S,,5.0,1,1,0,0,0,0,1,480.0,530.0,HSSB,25,25,1.0
148,,2,COMM,1,L&S,,5.0,1,1,0,0,0,0,1,540.0,590.0,GIRV,25,25,1.0
149,,2,COMM,1,L&S,,5.0,1,1,0,0,0,0,1,600.0,650.0,GIRV,25,25,1.0
150,,2,COMM,1,L&S,,5.0,1,1,0,0,0,0,1,660.0,710.0,GIRV,25,25,1.0
151,,2,COMM,1,L&S,,5.0,1,1,0,0,0,0,1,720.0,770.0,HSSB,25,25,1.0
152,,2,COMM,1,L&S,,5.0,1,1,0,0,0,0,1,780.0,830.0,HSSB,25,25,1.0
153,,2,COMM,87,L&S,,5.0,0,1,0,1,0,1,0,570.0,645.0,TD-W,150,150,1.0
154,,2,COMM,87,L&S,,5.0,0,1,0,0,0,1,0,1020.0,1070.0,HSSB,25,25,1.0
155,,2,COMM,87,L&S,,5.0,0,1,0,0,0,1,0,1080.0,1130.0,SSMS,25,25,1.0
156,,2,COMM,87,L&S,,5.0,0,1,0,0,0,0,1,600.0,650.0,HSSB,25,25,1.0
157,,2,COMM,87,L&S,,5.0,0,1,0,0,0,0,1,660.0,710.0,SSMS,25,25,1.0
158,,2,COMM,87,L&S,,5.0,0,1,0,0,0,0,1,720.0,770.0,HSSB,25,25,1.0
159,,2,COMM,87,L&S,,5.0,0,1,0,0,0,0,1,780.0,830.0,SSMS,25,25,1.0
160,,2,COMM,87,L&S,,5.0,0,1,0,0,0,1,0,1020.0,1070.0,HSSB,25,25,1.0
161,,2,COMM,87,L&S,,5.0,0,1,0,0,0,1,0,1080.0,1130.0,SSMS,25,25,1.0
162,,2,COMM,87,L&S,,5.0,0,1,0,0,0,0,1,600.0,650.0,HSSB,25,25,1.0
163,,2,COMM,87,L&S,,5.0,0,1,0,0,0,0,1,660.0,710.0,SSMS,25,25,1.0
164,,2,COMM,87,L&S,,5.0,0,1,0,0,0,0,1,720.0,770.0,HSSB,25,25,1.0
165,,2,COMM,87,L&S,,5.0,0,1,0,0,0,0,1,780.0,830.0,SSMS,25,25,1.0
166,,2,COMM,88,L&S,,5.0,0,1,0,1,0,1,0,660.0,735.0,EMBARHALL,235,235,1.0
167,,2,COMM,88,L&S,,5.0,0,1,0,0,0,1,0,1140.0,1250.0,HSSB,20,20,1.0
168,,2,COMM,88,L&S,,5.0,0,1,0,0,0,0,1,480.0,590.0,SSMS,20,20,1.0
169,,2,COMM,88,L&S,,5.0,0,1,0,0,0,0,1,600.0,710.0,SSMS,20,20,1.0
170,,2,COMM,88,L&S,,5.0,0,1,0,0,0,1,0,1140.0,1250.0,HSSB,20,20,1.0
171,,2,COMM,88,L&S,,5.0,0,1,0,0,0,0,1,600.0,710.0,ARTS,20,20,1.0
172,,2,COMM,88,L&S,,5.0,0,1,0,0,0,0,1,720.0,830.0,SSMS,20,20,1.0
173,,2,COMM,88,L&S,,5.0,0,1,0,0,0,1,0,1080.0,1190.0,SH,20,20,1.0
174,,2,COMM,88,L&S,,5.0,0,1,0,0,0,1,0,1200.0,1310.0,HSSB,15,15,1.0
175,,2,COMM,88,L&S,,5.0,0,1,0,0,0,0,1,720.0,830.0,GIRV,20,20,1.0
176,,2,COMM,88,L&S,,5.0,0,1,0,0,0,1,0,1080.0,1190.0,PHELP,20,20,1.0
177,,2,COMM,88,L&S,,5.0,0,1,0,0,0,1,0,1200.0,1310.0,HSSB,20,20,1.0
178,,2,COMM,88,L&S,,5.0,0,1,0,0,0,0,1,780.0,890.0,HSSB,20,20,1.0
179,,2,COMM,89,L&S,,5.0,0,1,1,0,1,0,0,930.0,1005.0,BUCHN,288,300,0.96
180,,2,COMM,89,L&S,,5.0,0,1,0,0,1,0,0,1080.0,1190.0,NH,20,20,1.0
181,,2,COMM,89,L&S,,5.0,0,1,0,0,0,0,1,480.0,590.0,HSSB,19,20,0.95
182,,2,COMM,89,L&S,,5.0,0,1,0,0,0,0,1,600.0,710.0,HSSB,20,20,1.0
183,,2,COMM,89,L&S,,5.0,0,1,0,0,1,0,0,1080.0,1190.0,GIRV,20,20,1.0
184,,2,COMM,89,L&S,,5.0,0,1,0,0,0,0,1,780.0,890.0,HSSB,16,20,0.8
185,,2,COMM,89,L&S,,5.0,0,1,0,0,0,0,1,660.0,770.0,PHELP,20,20,1.0
186,,2,COMM,89,L&S,,5.0,0,1,0,0,0,1,0,1080.0,1190.0,GIRV,20,20,1.0
187,,2,COMM,89,L&S,,5.0,0,1,0,0,0,1,0,1200.0,1310.0,HSSB,20,20,1.0
188,,2,COMM,89,L&S,,5.0,0,1,0,0,0,0,1,720.0,830.0,GIRV,18,20,0.9
189,,2,COMM,89,L&S,,5.0,0,1,0,0,0,1,0,1080.0,1190.0,GIRV,20,20,1.0
190,,2,COMM,89,L&S,,5.0,0,1,0,0,0,0,1,660.0,770.0,PHELP,20,20,1.0
191,,2,COMM,89,L&S,,5.0,0,1,0,0,0,0,1,780.0,890.0,HSSB,15,20,0.75
192,,2,COMM,89,L&S,,5.0,0,1,0,0,0,1,0,1140.0,1250.0,GIRV,20,20,1.0
193,,2,COMM,89,L&S,,5.0,0,1,0,0,0,0,1,600.0,710.0,ARTS,20,20,1.0
194,,2,COMM,89,L&S,,5.0,0,1,0,0,0,0,1,720.0,830.0,GIRV,20,20,1.0
195,,2,COMM,99RA,L&S,1.0,5.0,1,0,0,0,0,0,0,,,nan,0,60,0.0
196,,2,COMM,106,L&S,,4.0,1,1,1,0,1,0,0,570.0,645.0,PHELP,66,80,0.825
197,,2,COMM,106,L&S,,4.0,1,1,0,0,1,0,0,1080.0,1130.0,SH,26,26,1.0
198,,2,COMM,106,L&S,,4.0,1,1,0,0,1,0,0,1140.0,1190.0,GIRV,27,27,1.0
199,,2,COMM,106,L&S,,4.0,1,1,0,0,1,0,0,1200.0,1250.0,GIRV,13,27,0.48148148148148145
200,,2,COMM,111,L&S,,4.0,1,1,0,1,0,1,0,1020.0,1095.0,SSMS,50,50,1.0
201,,2,COMM,117,L&S,,4.0,1,1,1,0,1,0,0,840.0,915.0,NH,65,65,1.0
202,,2,COMM,118,L&S,,4.0,1,1,1,0,1,0,0,840.0,915.0,PHELP,80,80,1.0
203,,2,COMM,122,L&S,,4.0,1,1,1,0,1,0,0,930.0,1005.0,NH,65,65,1.0
204,,2,COMM,124,L&S,,4.0,1,1,1,0,1,0,0,570.0,645.0,WEBB,80,80,1.0
205,,2,COMM,132,L&S,,4.0,1,1,0,1,0,1,0,660.0,735.0,NH,65,65,1.0
206,,2,COMM,133,L&S,,4.0,1,1,1,0,1,0,0,480.0,555.0,SSMS,50,50,1.0
207,,2,COMM,136,L&S,,4.0,1,1,1,0,1,0,0,660.0,735.0,WEBB,80,80,1.0
208,,2,COMM,138,L&S,,4.0,1,1,0,1,0,1,0,1020.0,1095.0,HFH,113,160,0.70625
209,,2,COMM,146,L&S,,4.0,1,1,1,0,1,0,0,750.0,825.0,GIRV,160,160,1.0
210,,2,COMM,150,L&S,,4.0,1,1,0,1,0,1,0,660.0,735.0,PHELP,80,80,1.0
211,,2,COMM,164,L&S,,4.0,1,1,0,1,0,1,0,750.0,825.0,PHELP,80,80,1.0
212,,2,COMM,166,L&S,,4.0,1,1,0,1,0,1,0,930.0,1005.0,HFH,160,160,1.0
213,,2,COMM,169,L&S,,4.0,1,1,0,1,0,1,0,480.0,555.0,NH,65,65,1.0
214,,2,COMM,174,L&S,,4.0,1,1,1,0,1,0,0,660.0,735.0,SSMS,30,30,1.0
215,,2,COMM,175UT,L&S,,4.0,1,1,0,0,1,0,0,1080.0,1250.0,SSMS,19,30,0.6333333333333333
216,,2,COMM,176,L&S,,4.0,1,1,1,0,1,0,0,930.0,1005.0,PHELP,65,65,1.0
217,,2,COMM,179,L&S,,4.0,1,1,0,1,0,1,0,570.0,645.0,NH,65,65,1.0
218,,2,COMM,181B,L&S,,4.0,1,1,0,1,0,1,0,840.0,915.0,SSMS,0,15,0.0
219,,2,COMM,191,L&S,,4.0,1,1,1,0,0,0,0,1020.0,1130.0,SSMS,10,30,0.3333333333333333
220,,2,COMM,199,L&S,1.0,5.0,1,1,0,0,0,0,0,,,nan,0,10,0.0
221,,2,COMM,199RA,L&S,1.0,5.0,1,1,0,0,0,0,0,,,nan,0,80,0.0
222,,2,BIOL CS,25,CRST,1.0,6.0,1,0,0,0,0,1,0,780.0,950.0,CRST,11,11,1.0
223,,2,BIOL CS,30,CRST,1.0,6.0,1,0,0,1,0,1,0,660.0,735.0,CRST,18,30,0.6
224,,2,BIOL CS,101,CRST,1.0,6.0,1,0,1,0,0,0,0,570.0,680.0,CRST,2,15,0.13333333333333333
225,,2,BIOL CS,101,CRST,1.0,6.0,1,0,0,1,0,0,0,900.0,1010.0,CRST,6,20,0.3
226,,2,AS AM,5,L&S,,4.0,1,1,0,1,0,1,0,660.0,735.0,GIRV,188,206,0.912621359223301
227,,2,AS AM,5,L&S,,4.0,1,1,0,0,0,0,1,540.0,590.0,HSSB,17,23,0.7391304347826086
228,,2,AS AM,5,L&S,,4.0,1,1,0,0,0,0,1,600.0,650.0,HSSB,23,24,0.9583333333333334
229,,2,AS AM,5,L&S,,4.0,1,1,0,0,0,0,1,660.0,710.0,HSSB,19,23,0.8260869565217391
230,,2,AS AM,5,L&S,,4.0,1,1,0,0,0,0,1,720.0,770.0,HSSB,23,23,1.0
231,,2,AS AM,5,L&S,,4.0,1,1,0,0,0,0,1,780.0,830.0,HSSB,22,23,0.9565217391304348
232,,2,AS AM,5,L&S,,4.0,1,1,0,0,0,0,1,840.0,890.0,HSSB,15,23,0.6521739130434783
233,,2,AS AM,5,L&S,,4.0,1,1,0,0,0,1,0,780.0,830.0,HSSB,23,23,1.0
234,,2,AS AM,5,L&S,,4.0,1,1,0,0,0,1,0,840.0,890.0,HSSB,23,24,0.9583333333333334
235,,2,AS AM,5,L&S,,4.0,1,1,0,0,0,1,0,900.0,950.0,HSSB,23,23,1.0
236,,2,AS AM,71,L&S,,4.0,1,1,0,1,0,1,0,930.0,1005.0,GIRV,107,107,1.0
237,,2,AS AM,71,L&S,,4.0,1,1,0,1,0,0,0,780.0,830.0,GIRV,12,12,1.0
238,,2,AS AM,71,L&S,,4.0,1,1,0,1,0,0,0,840.0,890.0,HSSB,12,12,1.0
239,,2,AS AM,71,L&S,,4.0,1,1,0,1,0,0,0,720.0,770.0,GIRV,12,12,1.0
240,,2,AS AM,71,L&S,,4.0,1,1,0,0,0,0,1,540.0,590.0,HSSB,12,12,1.0
241,,2,AS AM,71,L&S,,4.0,1,1,0,0,0,0,1,600.0,650.0,HSSB,12,12,1.0
242,,2,AS AM,71,L&S,,4.0,1,1,0,0,0,0,1,660.0,710.0,HSSB,12,12,1.0
243,,2,AS AM,71,L&S,,4.0,1,1,0,0,0,1,0,720.0,770.0,PHELP,12,12,1.0
244,,2,AS AM,71,L&S,,4.0,1,1,0,0,0,1,0,780.0,830.0,HSSB,12,12,1.0
245,,2,AS AM,71,L&S,,4.0,1,1,0,0,0,1,0,840.0,890.0,HSSB,11,11,1.0
246,,2,AS AM,100AA,L&S,,4.0,1,1,0,1,0,1,0,840.0,915.0,GIRV,46,45,1.0222222222222221
247,,2,AS AM,100HH,L&S,,4.0,1,1,0,1,0,1,0,570.0,645.0,GIRV,46,45,1.0222222222222221
248,,2,AS AM,109,L&S,,4.0,0,1,1,0,1,0,0,660.0,735.0,GIRV,45,45,1.0
249,,2,AS AM,110,L&S,,4.0,1,1,1,0,1,0,0,840.0,915.0,GIRV,37,45,0.8222222222222222
250,,2,AS AM,118,L&S,,4.0,1,1,0,1,0,1,0,930.0,1005.0,GIRV,45,45,1.0
251,,2,AS AM,131,L&S,,4.0,1,1,1,0,1,0,0,570.0,645.0,GIRV,45,45,1.0
252,,2,AS AM,133,L&S,,4.0,1,1,0,1,0,1,0,660.0,735.0,GIRV,41,45,0.9111111111111111
253,,2,AS AM,136,L&S,,4.0,1,1,0,1,0,1,0,750.0,825.0,GIRV,44,45,0.9777777777777777
254,,2,AS AM,142,L&S,,4.0,1,1,1,0,1,0,0,900.0,1010.0,TD-W,16,25,0.64
255,,2,AS AM,144,L&S,,4.0,1,1,1,0,1,0,0,930.0,1005.0,PHELP,45,45,1.0
256,,2,AS AM,158,L&S,,4.0,1,1,0,1,0,1,0,840.0,915.0,GIRV,45,45,1.0
257,,2,AS AM,162,L&S,,4.0,1,1,1,0,1,0,0,570.0,645.0,GIRV,45,45,1.0
258,,2,AS AM,164,L&S,,4.0,1,1,1,0,1,0,0,1020.0,1095.0,GIRV,45,45,1.0
259,,2,AS AM,197,L&S,1.0,4.0,0,1,0,0,0,0,1,570.0,645.0,HSSB,0,20,0.0
260,,2,AS AM,197,L&S,1.0,4.0,1,1,0,1,0,0,0,930.0,1005.0,HSSB,11,40,0.275
261,,2,EACS,3,L&S,,4.0,1,1,1,0,1,0,0,660.0,735.0,PSYCH,60,60,1.0
262,,2,EACS,3,L&S,,4.0,1,1,0,0,1,0,0,600.0,650.0,GIRV,8,8,1.0
263,,2,EACS,3,L&S,,4.0,1,1,0,0,1,0,0,540.0,590.0,GIRV,7,7,1.0
264,,2,EACS,3,L&S,,4.0,1,1,0,0,0,1,0,660.0,710.0,GIRV,8,8,1.0
265,,2,EACS,3,L&S,,4.0,1,1,0,0,0,1,0,780.0,830.0,HSSB,8,8,1.0
266,,2,EACS,3,L&S,,4.0,1,1,0,0,0,0,1,540.0,590.0,GIRV,7,7,1.0
267,,2,EACS,3,L&S,,4.0,1,1,0,0,0,0,1,600.0,650.0,GIRV,8,8,1.0
268,,2,EACS,3,L&S,,4.0,1,1,0,0,0,0,1,660.0,710.0,GIRV,7,7,1.0
269,,2,EACS,4B,L&S,,4.0,1,1,0,1,0,1,0,750.0,825.0,BUCHN,267,300,0.89
270,,2,EACS,4B,L&S,,4.0,1,1,0,0,0,0,1,540.0,590.0,HSSB,20,20,1.0
271,,2,EACS,4B,L&S,,4.0,1,1,0,0,0,0,1,600.0,650.0,HSSB,20,20,1.0
272,,2,EACS,4B,L&S,,4.0,1,1,0,0,0,0,1,660.0,710.0,HSSB,18,20,0.9
273,,2,EACS,4B,L&S,,4.0,1,1,0,0,0,1,0,1020.0,1070.0,HSSB,20,20,1.0
274,,2,EACS,4B,L&S,,4.0,1,1,0,0,0,1,0,1080.0,1130.0,HSSB,19,20,0.95
275,,2,EACS,4B,L&S,,4.0,1,1,0,0,0,1,0,540.0,590.0,HSSB,19,20,0.95
276,,2,EACS,4B,L&S,,4.0,1,1,1,0,0,0,0,960.0,1010.0,HSSB,20,20,1.0
277,,2,EACS,4B,L&S,,4.0,1,1,1,0,0,0,0,1020.0,1070.0,HSSB,19,20,0.95
278,,2,EACS,4B,L&S,,4.0,1,1,1,0,0,0,0,1080.0,1130.0,HSSB,20,20,1.0
279,,2,EACS,4B,L&S,,4.0,1,1,0,0,0,0,1,720.0,770.0,HSSB,19,20,0.95
280,,2,EACS,4B,L&S,,4.0,1,1,0,0,0,0,1,780.0,830.0,HSSB,16,16,1.0
281,,2,EACS,4B,L&S,,4.0,1,1,0,0,0,0,1,840.0,890.0,HSSB,18,20,0.9
282,,2,EACS,4B,L&S,,4.0,1,1,0,0,0,1,0,720.0,770.0,PHELP,19,20,0.95
283,,2,EACS,4B,L&S,,4.0,1,1,0,0,0,1,0,960.0,1010.0,HSSB,20,20,1.0
284,,2,EACS,47,L&S,,4.0,1,1,1,0,1,0,0,1020.0,1095.0,PHELP,30,30,1.0
285,,2,EACS,103C,L&S,,4.0,1,1,0,1,0,1,0,570.0,645.0,GIRV,39,40,0.975
286,,2,EACS,141,L&S,,4.0,0,1,0,1,0,1,0,660.0,735.0,PHELP,10,40,0.25
287,,2,EACS,165,L&S,,4.0,1,1,0,1,0,1,0,840.0,915.0,PHELP,15,15,1.0
288,,2,EACS,171,L&S,,4.0,1,1,0,1,0,1,0,750.0,825.0,PHELP,15,15,1.0
289,,2,EEMB,3,L&S,,3.0,0,1,1,0,1,0,1,480.0,530.0,CAMPBHALL,737,860,0.8569767441860465
290,,2,EEMB,3L,L&S,,1.0,0,1,0,1,0,0,0,570.0,740.0,BSIF,20,20,1.0
291,,2,EEMB,3L,L&S,,1.0,0,1,0,1,0,0,0,570.0,740.0,BSIF,20,20,1.0
292,,2,EEMB,3L,L&S,,1.0,0,1,0,1,0,0,0,750.0,920.0,BSIF,20,20,1.0
293,,2,EEMB,3L,L&S,,1.0,0,1,0,1,0,0,0,750.0,920.0,BSIF,20,20,1.0
294,,2,EEMB,3L,L&S,,1.0,0,1,0,1,0,0,0,930.0,1100.0,BSIF,20,20,1.0
295,,2,EEMB,3L,L&S,,1.0,0,1,0,1,0,0,0,930.0,1100.0,BSIF,20,20,1.0
296,,2,EEMB,3L,L&S,,1.0,0,1,0,0,1,0,0,600.0,770.0,BSIF,20,20,1.0
297,,2,EEMB,3L,L&S,,1.0,0,1,0,0,1,0,0,600.0,770.0,BSIF,20,20,1.0
298,,2,EEMB,3L,L&S,,1.0,0,1,0,0,1,0,0,780.0,950.0,BSIF,20,20,1.0
299,,2,EEMB,3L,L&S,,1.0,0,1,0,0,1,0,0,780.0,950.0,BSIF,20,20,1.0
300,,2,EEMB,3L,L&S,,1.0,0,1,0,0,1,0,0,960.0,1130.0,BSIF,20,20,1.0
301,,2,EEMB,3L,L&S,,1.0,0,1,0,0,1,0,0,960.0,1130.0,BSIF,20,20,1.0
302,,2,EEMB,3L,L&S,,1.0,0,1,0,0,0,1,0,570.0,740.0,BSIF,20,20,1.0
303,,2,EEMB,3L,L&S,,1.0,0,1,0,0,0,1,0,570.0,740.0,BSIF,20,20,1.0
304,,2,EEMB,3L,L&S,,1.0,0,1,0,0,0,1,0,750.0,920.0,BSIF,20,20,1.0
305,,2,EEMB,3L,L&S,,1.0,0,1,0,0,0,1,0,750.0,920.0,BSIF,20,20,1.0
306,,2,EEMB,3L,L&S,,1.0,0,1,0,0,0,1,0,930.0,1100.0,BSIF,20,20,1.0
307,,2,EEMB,3L,L&S,,1.0,0,1,0,0,0,1,0,930.0,1100.0,BSIF,20,20,1.0
308,,2,EEMB,3L,L&S,,1.0,0,1,0,1,0,0,0,1110.0,1290.0,BSIF,11,20,0.55
309,,2,EEMB,3L,L&S,,1.0,0,1,0,1,0,0,0,1110.0,1280.0,BSIF,18,20,0.9
310,,2,EEMB,3L,L&S,,1.0,0,1,0,0,0,1,0,1110.0,1280.0,BSIF,20,20,1.0
311,,2,EEMB,3L,L&S,,1.0,0,1,0,0,0,1,0,1110.0,1280.0,BSIF,20,20,1.0
312,,2,EEMB,3L,L&S,,1.0,0,1,0,0,1,0,0,1140.0,1310.0,BSIF,18,20,0.9
313,,2,EEMB,3L,L&S,,1.0,0,1,0,0,1,0,0,1140.0,1310.0,BSIF,16,20,0.8
314,,2,EEMB,3L,L&S,,1.0,0,1,0,1,0,0,0,540.0,710.0,LSB,24,24,1.0
315,,2,EEMB,3L,L&S,,1.0,0,1,0,1,0,0,0,720.0,890.0,LSB,24,24,1.0
316,,2,EEMB,3L,L&S,,1.0,0,1,0,1,0,0,0,900.0,1070.0,LSB,24,24,1.0
317,,2,EEMB,3L,L&S,,1.0,0,1,0,1,0,0,0,1080.0,1250.0,LSB,24,24,1.0
318,,2,EEMB,3L,L&S,,1.0,0,1,0,0,1,0,0,540.0,710.0,LSB,24,24,1.0
319,,2,EEMB,3L,L&S,,1.0,0,1,0,0,1,0,0,720.0,890.0,LSB,24,24,1.0
320,,2,EEMB,3L,L&S,,1.0,0,1,0,0,1,0,0,900.0,1070.0,LSB,24,24,1.0
321,,2,EEMB,3L,L&S,,1.0,0,1,0,0,1,0,0,1080.0,1250.0,LSB,24,24,1.0
322,,2,EEMB,3L,L&S,,1.0,0,1,0,0,0,1,0,540.0,710.0,LSB,24,24,1.0
323,,2,EEMB,3L,L&S,,1.0,0,1,0,0,0,1,0,720.0,890.0,LSB,24,24,1.0
324,,2,EEMB,3L,L&S,,1.0,0,1,0,0,0,1,0,900.0,1070.0,LSB,24,24,1.0
325,,2,EEMB,3L,L&S,,1.0,0,1,0,0,0,1,0,1080.0,1250.0,LSB,24,24,1.0
326,,2,EEMB,3L,L&S,,1.0,0,1,0,0,0,0,1,540.0,710.0,LSB,20,20,1.0
327,,2,EEMB,3L,L&S,,1.0,0,1,0,0,0,0,1,540.0,710.0,BSIF,19,20,0.95
328,,2,EEMB,3L,L&S,,1.0,0,1,0,0,0,0,1,720.0,890.0,LSB,20,20,1.0
329,,2,EEMB,3L,L&S,,1.0,0,1,0,0,0,0,1,720.0,890.0,BSIF,20,20,1.0
330,,2,EEMB,3Z,L&S,1.0,2.0,1,0,1,0,1,0,1,480.0,530.0,CAMPBHALL,0,0,
331,,2,EEMB,50,L&S,,4.0,1,1,1,0,1,0,1,780.0,830.0,HFH,182,184,0.9891304347826086
332,,2,EEMB,50,L&S,,4.0,1,1,0,1,0,0,0,540.0,590.0,HSSB,24,24,1.0
333,,2,EEMB,50,L&S,,4.0,1,1,0,1,0,0,0,480.0,530.0,BUCHN,23,24,0.9583333333333334
334,,2,EEMB,50,L&S,,4.0,1,1,0,1,0,0,0,1020.0,1070.0,BUCHN,24,24,1.0
335,,2,EEMB,50,L&S,,4.0,1,1,0,0,0,0,1,660.0,710.0,LSB,24,24,1.0
336,,2,EEMB,50,L&S,,4.0,1,1,0,0,0,0,1,480.0,530.0,HSSB,19,20,0.95
337,,2,EEMB,50,L&S,,4.0,1,1,0,0,0,0,1,540.0,590.0,HSSB,24,24,1.0
338,,2,EEMB,50,L&S,,4.0,1,1,0,0,0,0,1,720.0,770.0,BUCHN,24,24,1.0
339,,2,EEMB,50,L&S,,4.0,1,1,0,1,0,0,0,1080.0,1130.0,HSSB,20,20,1.0
340,,2,EEMB,84,L&S,1.0,5.0,1,0,0,0,0,0,0,,,nan,0,0,
341,,2,EEMB,92,L&S,1.0,4.0,1,1,0,0,0,0,0,,,nan,0,1,0.0
342,,2,EEMB,96,L&S,,1.0,1,0,0,1,0,0,0,780.0,950.0,HARDR,10,6,1.6666666666666667
343,,2,EEMB,98,L&S,1.0,3.0,1,0,0,0,0,0,0,,,nan,0,1,0.0
344,,2,EEMB,99,L&S,1.0,3.0,1,0,0,0,0,0,0,,,nan,0,1,0.0
345,,2,EEMB,102,L&S,,4.0,0,1,0,1,0,1,0,660.0,735.0,HFH,172,188,0.9148936170212766
346,,2,EEMB,102,L&S,,4.0,0,1,0,0,0,0,1,840.0,890.0,PHELP,24,24,1.0
347,,2,EEMB,102,L&S,,4.0,0,1,0,0,1,0,0,780.0,830.0,,23,23,1.0
348,,2,EEMB,102,L&S,,4.0,0,1,0,0,1,0,0,480.0,530.0,LSB,23,23,1.0
349,,2,EEMB,102,L&S,,4.0,0,1,0,0,0,0,1,900.0,950.0,PHELP,22,24,0.9166666666666666
350,,2,EEMB,102,L&S,,4.0,0,1,0,0,1,0,0,840.0,890.0,GIRV,24,24,1.0
351,,2,EEMB,102,L&S,,4.0,0,1,0,0,0,0,1,960.0,1010.0,PHELP,9,23,0.391304347826087
352,,2,EEMB,102,L&S,,4.0,0,1,0,0,1,0,0,660.0,710.0,GIRV,23,23,1.0
353,,2,EEMB,102,L&S,,4.0,0,1,0,0,1,0,0,900.0,950.0,NH,24,24,1.0
354,,2,EEMB,102H,L&S,,1.0,1,1,0,0,0,0,0,,,nan,0,0,
355,,2,EEMB,103A,L&S,,4.0,0,1,0,0,1,0,0,840.0,1010.0,BSIF,10,10,1.0
356,,2,EEMB,103A,L&S,,4.0,0,1,0,0,0,0,1,840.0,1010.0,BSIF,10,10,1.0
357,,2,EEMB,107,L&S,,3.0,0,1,1,0,1,0,0,600.0,650.0,PHELP,22,60,0.36666666666666664
358,,2,EEMB,107,L&S,,3.0,0,1,0,0,0,0,1,600.0,650.0,PHELP,22,60,0.36666666666666664
359,,2,EEMB,107L,L&S,,2.0,0,1,0,0,0,0,1,780.0,1010.0,HARDR,12,24,0.5
360,,2,EEMB,116,L&S,,5.0,0,1,1,0,1,0,1,660.0,710.0,SH,49,88,0.5568181818181818
361,,2,EEMB,116,L&S,,5.0,0,1,0,1,0,1,0,780.0,950.0,MLAB,12,22,0.5454545454545454
362,,2,EEMB,116,L&S,,5.0,0,1,0,1,0,1,0,540.0,710.0,MLAB,4,22,0.18181818181818182
363,,2,EEMB,116,L&S,,5.0,0,1,1,0,1,0,0,840.0,1010.0,MLAB,19,22,0.8636363636363636
364,,2,EEMB,116,L&S,,5.0,0,1,1,0,1,0,0,1080.0,1250.0,MLAB,14,22,0.6363636363636364
365,,2,EEMB,120,L&S,,4.0,0,1,0,1,0,1,0,660.0,735.0,IV   THEA,144,144,1.0
366,,2,EEMB,120,L&S,,4.0,0,1,0,0,0,0,1,480.0,530.0,PHELP,24,24,1.0
367,,2,EEMB,120,L&S,,4.0,0,1,0,0,1,0,0,780.0,830.0,PHELP,24,24,1.0
368,,2,EEMB,120,L&S,,4.0,0,1,0,0,0,0,1,840.0,890.0,PHELP,24,24,1.0
369,,2,EEMB,120,L&S,,4.0,0,1,0,0,1,0,0,480.0,530.0,HSSB,24,24,1.0
370,,2,EEMB,120,L&S,,4.0,0,1,0,0,0,0,1,900.0,950.0,PHELP,24,24,1.0
371,,2,EEMB,120,L&S,,4.0,0,1,0,0,0,0,1,960.0,1010.0,PHELP,24,24,1.0
372,,2,EEMB,127L,L&S,,3.0,0,1,1,0,0,0,0,780.0,1190.0,LSB,11,11,1.0
373,,2,EEMB,127L,L&S,,3.0,0,1,1,0,0,0,0,780.0,1190.0,LSB,11,11,1.0
374,,2,EEMB,128,L&S,,4.0,0,1,0,1,0,1,0,660.0,735.0,BIOEN,48,48,1.0
375,,2,EEMB,128,L&S,,4.0,0,1,0,0,1,0,0,540.0,650.0,BSIF,12,12,1.0
376,,2,EEMB,128,L&S,,4.0,0,1,0,1,0,0,0,900.0,1010.0,BSIF,12,12,1.0
377,,2,EEMB,128,L&S,,4.0,0,1,0,0,0,1,0,900.0,1010.0,BSIF,12,12,1.0
378,,2,EEMB,128,L&S,,4.0,0,1,0,0,1,0,0,900.0,1010.0,BSIF,12,12,1.0
379,,2,EEMB,131,L&S,,4.0,0,1,0,1,0,1,0,570.0,645.0,LSB,105,144,0.7291666666666666
380,,2,EEMB,131,L&S,,4.0,0,1,0,0,0,0,1,780.0,830.0,HSSB,19,24,0.7916666666666666
381,,2,EEMB,131,L&S,,4.0,0,1,0,0,0,0,1,840.0,890.0,HSSB,9,24,0.375
382,,2,EEMB,131,L&S,,4.0,0,1,0,0,0,0,1,660.0,710.0,GIRV,13,24,0.5416666666666666
383,,2,EEMB,131,L&S,,4.0,0,1,0,0,0,0,1,720.0,770.0,HSSB,18,24,0.75
384,,2,EEMB,131,L&S,,4.0,0,1,0,0,0,0,1,600.0,650.0,PHELP,24,24,1.0
385,,2,EEMB,131,L&S,,4.0,0,1,0,0,0,0,1,540.0,590.0,NH,22,24,0.9166666666666666
386,,2,EEMB,132,L&S,,4.0,0,1,0,1,0,1,0,660.0,735.0,PSB-S,7,8,0.875
387,,2,EEMB,132,L&S,,4.0,0,1,0,0,1,0,0,960.0,1010.0,PSB-S,7,8,0.875
388,,2,EEMB,137,L&S,,4.0,1,1,0,1,0,1,0,930.0,1005.0,PSB-S,8,8,1.0
389,,2,EEMB,137L,L&S,,1.0,0,1,0,0,0,0,1,780.0,950.0,PSB-S,5,8,0.625
390,,2,EEMB,138,L&S,,5.0,0,1,0,1,0,1,0,570.0,645.0,BIOEN,97,97,1.0
391,,2,EEMB,138,L&S,,5.0,0,1,1,0,0,0,0,780.0,1010.0,HARDR,20,20,1.0
392,,2,EEMB,138,L&S,,5.0,0,1,0,1,0,0,0,780.0,1010.0,HARDR,20,20,1.0
393,,2,EEMB,138,L&S,,5.0,0,1,0,0,1,0,0,780.0,1010.0,HARDR,20,20,1.0
394,,2,EEMB,138,L&S,,5.0,0,1,0,0,0,1,0,780.0,1010.0,HARDR,20,20,1.0
395,,2,EEMB,138,L&S,,5.0,0,1,0,0,1,0,0,480.0,710.0,HARDR,17,17,1.0
396,,2,EEMB,142C,L&S,,4.0,0,1,1,0,1,0,1,840.0,890.0,PHELP,32,65,0.49230769230769234
397,,2,EEMB,142C,L&S,,4.0,0,1,0,0,0,1,0,540.0,590.0,ARTS,14,24,0.5833333333333334
398,,2,EEMB,142C,L&S,,4.0,0,1,0,0,0,1,0,480.0,530.0,HSSB,11,24,0.4583333333333333
399,,2,EEMB,142C,L&S,,4.0,0,1,0,0,0,0,1,480.0,530.0,HSSB,7,24,0.2916666666666667
400,,2,EEMB,142CL,L&S,,3.0,0,1,0,1,0,1,0,840.0,1010.0,BSIF,19,22,0.8636363636363636
401,,2,EEMB,146,L&S,,4.0,0,1,1,0,1,0,1,780.0,830.0,BUCHN,142,144,0.9861111111111112
402,,2,EEMB,146,L&S,,4.0,0,1,1,0,0,0,0,840.0,950.0,SSMS,24,24,1.0
403,,2,EEMB,146,L&S,,4.0,0,1,0,0,0,1,0,840.0,950.0,SSMS,24,24,1.0
404,,2,EEMB,146,L&S,,4.0,0,1,0,0,1,0,0,840.0,950.0,SSMS,24,24,1.0
405,,2,EEMB,146,L&S,,4.0,0,1,0,1,0,0,0,600.0,710.0,SSMS,22,24,0.9166666666666666
406,,2,EEMB,146,L&S,,4.0,0,1,0,0,1,0,0,600.0,710.0,SSMS,24,24,1.0
407,,2,EEMB,146,L&S,,4.0,0,1,0,0,0,0,1,600.0,710.0,SSMS,24,24,1.0
408,,2,EEMB,147,L&S,,4.0,0,1,1,0,1,0,0,660.0,735.0,BIOEN,96,96,1.0
409,,2,EEMB,147,L&S,,4.0,0,1,0,1,0,0,0,840.0,890.0,PHELP,24,24,1.0
410,,2,EEMB,147,L&S,,4.0,0,1,0,1,0,0,0,1020.0,1070.0,HSSB,24,24,1.0
411,,2,EEMB,147,L&S,,4.0,0,1,0,1,0,0,0,720.0,770.0,ARTS,24,24,1.0
412,,2,EEMB,147,L&S,,4.0,0,1,0,1,0,0,0,1080.0,1130.0,HSSB,24,24,1.0
413,,2,EEMB,148,L&S,,4.0,0,1,0,1,0,1,0,750.0,825.0,BUCHN,144,144,1.0
414,,2,EEMB,148,L&S,,4.0,0,1,0,1,0,0,0,840.0,890.0,PSY-E,24,24,1.0
415,,2,EEMB,148,L&S,,4.0,0,1,0,1,0,0,0,900.0,950.0,PSY-E,24,24,1.0
416,,2,EEMB,148,L&S,,4.0,0,1,0,1,0,0,0,960.0,1010.0,PSY-E,24,24,1.0
417,,2,EEMB,148,L&S,,4.0,0,1,0,0,1,0,0,720.0,770.0,PSY-E,24,24,1.0
418,,2,EEMB,148,L&S,,4.0,0,1,0,0,1,0,0,780.0,830.0,PSY-E,24,24,1.0
419,,2,EEMB,148,L&S,,4.0,0,1,0,0,1,0,0,840.0,890.0,PSY-E,24,24,1.0
420,,2,EEMB,157C,L&S,,4.0,0,1,0,1,0,1,0,750.0,825.0,GIRV,19,32,0.59375
421,,2,EEMB,157C,L&S,,4.0,0,1,0,0,0,1,0,900.0,1070.0,MLAB,15,16,0.9375
422,,2,EEMB,157C,L&S,,4.0,0,1,0,0,0,0,1,540.0,710.0,MLAB,4,16,0.25
423,,2,EEMB,176,L&S,,5.0,0,1,1,0,1,0,0,600.0,710.0,PSY-E,4,5,0.8
424,,2,EEMB,176,L&S,,5.0,0,1,0,0,1,0,0,780.0,890.0,PSY-E,4,5,0.8
425,,2,EEMB,176L,L&S,,2.0,0,1,0,0,0,1,0,900.0,1010.0,PSY-E,4,5,0.8
426,,2,EEMB,180,L&S,,5.0,0,1,0,1,0,1,0,570.0,645.0,SSMS,37,44,0.8409090909090909
427,,2,EEMB,180,L&S,,5.0,0,1,0,0,0,1,0,840.0,950.0,SSMS,22,22,1.0
428,,2,EEMB,180,L&S,,5.0,0,1,0,0,0,1,0,840.0,950.0,SSMS,15,22,0.6818181818181818
429,,2,EEMB,183,L&S,1.0,5.0,1,0,0,0,0,0,0,,,nan,0,1,0.0
430,,2,EEMB,184,L&S,1.0,12.0,1,0,0,0,0,0,0,,,nan,0,1,0.0
431,,2,EEMB,190,L&S,,1.0,1,0,1,0,0,0,0,930.0,1005.0,HSSB,1,10,0.1
432,,2,EEMB,194D,L&S,,2.0,1,1,0,1,0,0,0,1140.0,1250.0,LSB,0,5,0.0
433,,2,EEMB,194EV,L&S,,2.0,1,1,0,0,0,1,0,900.0,1010.0,LSB,0,5,0.0
434,,2,EEMB,194MS,L&S,,2.0,1,1,0,1,0,0,0,720.0,800.0,LSB,0,10,0.0
435,,2,EEMB,197,L&S,1.0,5.0,1,1,0,0,0,0,0,,,nan,0,1,0.0
436,,2,EEMB,198,L&S,1.0,5.0,1,1,0,0,0,0,0,,,nan,0,1,0.0
437,,2,EEMB,199,L&S,1.0,5.0,1,1,0,0,0,0,0,,,nan,0,1,0.0
438,,2,ART,1A,L&S,,5.0,1,1,0,1,0,1,0,750.0,825.0,BUCHN,100,100,1.0
439,,2,ART,1A,L&S,,5.0,1,1,0,0,1,0,0,780.0,830.0,ARTS,25,25,1.0
440,,2,ART,1A,L&S,,5.0,1,1,0,0,0,1,0,600.0,650.0,ARTS,25,25,1.0
441,,2,ART,1A,L&S,,5.0,1,1,0,0,1,0,0,720.0,770.0,ARTS,25,25,1.0
442,,2,ART,1A,L&S,,5.0,1,1,0,0,0,1,0,660.0,710.0,ARTS,25,25,1.0
443,,2,ART,1C,L&S,,2.0,0,1,0,0,0,1,0,1020.0,1130.0,EMBARHALL,225,225,1.0
444,,2,ART,7A,L&S,,5.0,1,1,1,0,0,0,0,900.0,1010.0,IV   THEA,144,145,0.993103448275862
445,,2,ART,7A,L&S,,5.0,1,1,0,1,0,1,0,720.0,830.0,ARTS,24,24,1.0
446,,2,ART,7A,L&S,,5.0,1,1,0,0,1,0,1,660.0,770.0,ARTS,24,24,1.0
447,,2,ART,7A,L&S,,5.0,1,1,0,1,0,1,0,540.0,650.0,ARTS,24,24,1.0
448,,2,ART,7A,L&S,,5.0,1,1,0,0,1,0,1,780.0,890.0,ARTS,24,24,1.0
449,,2,ART,7A,L&S,,5.0,1,1,0,1,0,1,0,840.0,950.0,ARTS,24,24,1.0
450,,2,ART,7A,L&S,,5.0,1,1,0,0,1,0,1,540.0,650.0,ARTS,24,24,1.0
451,,2,ART,10,L&S,,4.0,1,1,1,0,1,0,0,540.0,710.0,ARTS,18,18,1.0
452,,2,ART,12,L&S,,4.0,0,1,1,0,1,0,0,540.0,710.0,ARTS,15,17,0.8823529411764706
453,,2,ART,14,L&S,,4.0,1,1,1,0,1,0,0,780.0,950.0,ARTS,17,17,1.0
454,,2,ART,22,L&S,,4.0,1,1,0,1,0,1,0,540.0,710.0,ARTS,20,20,1.0
455,,2,ART,100,L&S,,4.0,1,1,0,1,0,1,0,780.0,890.0,ARTS,13,16,0.8125
456,,2,ART,101,L&S,,4.0,0,1,0,0,0,1,0,780.0,950.0,ARTS,10,9,1.1111111111111112
457,,2,ART CS,101,CRST,1.0,6.0,1,0,0,1,0,0,0,780.0,950.0,CRST,10,12,0.8333333333333334
458,,2,ART CS,101,CRST,1.0,6.0,1,0,1,0,0,0,0,840.0,1010.0,CRST,12,12,1.0
459,,2,ART CS,105,CRST,1.0,6.0,1,0,0,0,1,0,0,1020.0,1250.0,CRST,8,0,
460,,2,ART,106IV,L&S,,4.0,1,1,0,0,0,0,1,780.0,1010.0,ARTS,15,15,1.0
461,,2,ART CS,107,CRST,1.0,6.0,1,0,0,0,0,1,0,540.0,650.0,CRST,10,12,0.8333333333333334
462,,2,ART,110,L&S,,4.0,0,1,0,1,0,1,0,840.0,1010.0,ARTS,13,9,1.4444444444444444
463,,2,ART CS,112,CRST,1.0,6.0,1,0,0,0,0,1,0,1020.0,1095.0,CRST,5,10,0.5
464,,2,ART CS,112,CRST,1.0,6.0,1,0,0,0,1,0,0,600.0,770.0,CRST,14,15,0.9333333333333333
465,,2,ART,113,L&S,,4.0,0,1,0,1,0,0,0,780.0,1010.0,ARTS,6,8,0.75
466,,2,ART,117,L&S,,4.0,1,1,0,0,0,0,1,660.0,920.0,ARTS,17,17,1.0
467,,2,ART,118,L&S,,4.0,1,1,1,0,1,0,0,540.0,710.0,ARTS,15,15,1.0
468,,2,ART,120NP,L&S,,4.0,0,1,0,1,0,1,0,900.0,1070.0,ARTS,18,15,1.2
469,,2,ART,122CC,L&S,,4.0,0,1,1,0,1,0,0,780.0,950.0,ARTS,14,14,1.0
470,,2,ART,123,L&S,,4.0,1,1,0,1,0,1,0,540.0,710.0,ARTS,12,10,1.2
471,,2,ART,130,L&S,,4.0,1,1,1,0,0,0,0,960.0,1130.0,ARTS,30,29,1.0344827586206897
472,,2,ART,137,L&S,,4.0,1,1,1,0,1,0,0,600.0,710.0,ARTS,15,15,1.0
473,,2,ART,185GL,L&S,,4.0,0,1,0,1,0,1,0,600.0,710.0,ELNGS,15,15,1.0
474,,2,ART,185LJ,L&S,,4.0,0,1,1,0,1,0,0,600.0,710.0,ARTS,12,11,1.0909090909090908
475,,2,ART,192ES,L&S,1.0,4.0,1,0,0,0,0,0,0,,,nan,0,0,
476,,2,ART,192IA,L&S,1.0,4.0,1,0,0,0,0,0,0,,,nan,0,0,
477,,2,ART,196,L&S,,4.0,0,1,0,0,1,0,0,780.0,950.0,ARTS,2,9,0.2222222222222222
478,,2,ART,199,L&S,1.0,5.0,1,1,0,0,0,0,0,,,nan,0,10,0.0
479,,2,ART,199RA,L&S,1.0,5.0,0,1,0,0,0,0,0,,,nan,0,10,0.0
480,,2,BIOL CS,25,CRST,1.0,6.0,1,0,0,0,0,1,0,780.0,950.0,CRST,11,11,1.0
481,,2,BIOL CS,30,CRST,1.0,6.0,1,0,0,1,0,1,0,660.0,735.0,CRST,18,30,0.6
482,,2,BIOL CS,101,CRST,1.0,6.0,1,0,1,0,0,0,0,570.0,680.0,CRST,2,15,0.13333333333333333
483,,2,BIOL CS,101,CRST,1.0,6.0,1,0,0,1,0,0,0,900.0,1010.0,CRST,6,20,0.3
484,,2,C LIT,30C,L&S,,4.0,1,1,0,1,0,1,0,840.0,915.0,CHEM,250,250,1.0
485,,2,C LIT,30C,L&S,,4.0,1,1,0,0,0,1,0,1080.0,1130.0,GIRV,25,25,1.0
486,,2,C LIT,30C,L&S,,4.0,1,1,0,0,0,1,0,960.0,1010.0,GIRV,25,25,1.0
487,,2,C LIT,30C,L&S,,4.0,1,1,0,0,0,1,0,1080.0,1130.0,GIRV,25,25,1.0
488,,2,C LIT,30C,L&S,,4.0,1,1,0,0,0,1,0,1080.0,1130.0,GIRV,25,25,1.0
489,,2,C LIT,30C,L&S,,4.0,1,1,0,0,0,1,0,960.0,1010.0,GIRV,25,25,1.0
490,,2,C LIT,30C,L&S,,4.0,1,1,0,0,0,1,0,960.0,1010.0,GIRV,25,25,1.0
491,,2,C LIT,30C,L&S,,4.0,1,1,0,0,0,1,0,1020.0,1070.0,GIRV,25,25,1.0
492,,2,C LIT,30C,L&S,,4.0,1,1,0,0,0,1,0,1020.0,1070.0,SH,25,25,1.0
493,,2,C LIT,30C,L&S,,4.0,1,1,0,0,0,1,0,1020.0,1070.0,HSSB,25,25,1.0
494,,2,C LIT,30C,L&S,,4.0,1,1,0,0,0,1,0,1080.0,1130.0,HSSB,25,25,1.0
495,,2,C LIT,30H,L&S,,1.0,1,1,0,0,0,1,0,960.0,1010.0,GIRV,12,12,1.0
496,,2,C LIT,31,L&S,,4.0,1,1,0,1,0,1,0,1020.0,1095.0,BUCHN,100,100,1.0
497,,2,C LIT,31,L&S,,4.0,1,1,0,0,0,0,1,540.0,590.0,HSSB,25,25,1.0
498,,2,C LIT,31,L&S,,4.0,1,1,0,0,0,0,1,600.0,650.0,HSSB,25,25,1.0
499,,2,C LIT,31,L&S,,4.0,1,1,0,0,0,0,1,660.0,710.0,HSSB,25,25,1.0
500,,2,C LIT,31,L&S,,4.0,1,1,0,0,0,0,1,720.0,770.0,HSSB,25,25,1.0
501,,2,C LIT,35,L&S,,4.0,1,1,0,1,0,1,0,660.0,735.0,PSYCH,50,50,1.0
502,,2,C LIT,35,L&S,,4.0,1,1,0,1,0,0,0,1020.0,1070.0,HSSB,25,25,1.0
503,,2,C LIT,35,L&S,,4.0,1,1,0,1,0,0,0,1080.0,1130.0,HSSB,25,25,1.0
504,,2,C LIT,100,L&S,,4.0,1,1,0,1,0,1,0,840.0,915.0,PHELP,60,60,1.0
505,,2,C LIT,101,L&S,,4.0,1,1,0,1,0,1,0,930.0,1005.0,PHELP,30,30,1.0
506,,2,C LIT,119,L&S,,4.0,1,1,1,0,1,0,0,660.0,735.0,PHELP,76,75,1.0133333333333334
507,,2,C LIT,139,L&S,,4.0,1,1,0,1,0,1,0,750.0,825.0,PHELP,8,15,0.5333333333333333
508,,2,C LIT,165,L&S,,4.0,1,1,0,1,0,1,0,840.0,915.0,PHELP,1,15,0.06666666666666667
509,,2,C LIT,184C,L&S,,4.0,0,1,1,0,1,0,0,930.0,1005.0,HSSB,6,10,0.6
510,,2,C LIT,186DF,L&S,,4.0,1,1,1,0,0,0,0,1020.0,1190.0,HSSB,30,30,1.0
511,,2,C LIT,186WL,L&S,,4.0,1,1,0,0,0,0,1,780.0,950.0,HSSB,9,12,0.75
512,,2,C LIT,188,L&S,,4.0,1,1,1,0,1,0,0,750.0,825.0,PHELP,30,30,1.0
513,,2,C LIT,191,L&S,,4.0,1,1,1,0,1,0,0,930.0,1005.0,NH,65,65,1.0
514,,2,C LIT,193,L&S,,4.0,0,1,0,0,0,0,0,,,nan,0,0,
515,,2,C LIT,196H,L&S,,4.0,1,1,0,0,0,0,0,,,nan,0,10,0.0
516,,2,C LIT,199,L&S,1.0,5.0,0,1,0,0,0,0,0,,,nan,0,5,0.0
517,,2,CHEM,1A,L&S,,3.0,1,1,1,0,1,0,1,480.0,530.0,HFH,152,188,0.8085106382978723
518,,2,CHEM,1AL,L&S,,2.0,1,1,0,1,0,0,0,720.0,870.0,PSB-N,24,24,1.0
519,,2,CHEM,1AL,L&S,,2.0,1,1,0,0,1,0,0,720.0,890.0,PSB-N,24,24,1.0
520,,2,CHEM,1AL,L&S,,2.0,1,1,0,0,0,1,0,720.0,870.0,PSB-N,24,24,1.0
521,,2,CHEM,1AL,L&S,,2.0,1,1,0,1,0,0,0,900.0,1050.0,PSB-N,0,20,0.0
522,,2,CHEM,1AL,L&S,,2.0,1,1,0,0,1,0,0,900.0,1070.0,PSB-N,0,20,0.0
523,,2,CHEM,1AL,L&S,,2.0,1,1,0,0,0,1,0,900.0,1050.0,PSB-N,0,20,0.0
524,,2,CHEM,1B,L&S,,3.0,1,1,1,0,1,0,1,780.0,830.0,BUCHN,306,306,1.0
525,,2,CHEM,1B,L&S,,3.0,1,1,1,0,1,0,1,840.0,890.0,BUCHN,266,306,0.869281045751634
526,,2,CHEM,1BL,L&S,,2.0,1,1,0,1,0,0,0,480.0,710.0,PSB-N,0,20,0.0
527,,2,CHEM,1BL,L&S,,2.0,1,1,0,0,0,1,0,480.0,710.0,PSB-N,0,20,0.0
528,,2,CHEM,1BL,L&S,,2.0,1,1,0,1,0,0,0,780.0,1010.0,PSB-N,24,24,1.0
529,,2,CHEM,1BL,L&S,,2.0,1,1,0,1,0,0,0,780.0,1010.0,PSB-N,24,24,1.0
530,,2,CHEM,1BL,L&S,,2.0,1,1,0,0,0,1,0,780.0,1010.0,PSB-N,24,24,1.0
531,,2,CHEM,1BL,L&S,,2.0,1,1,0,0,0,1,0,780.0,1010.0,PSB-N,24,24,1.0
532,,2,CHEM,1BL,L&S,,2.0,1,1,1,0,0,0,0,1080.0,1310.0,PSB-N,24,24,1.0
533,,2,CHEM,1BL,L&S,,2.0,1,1,1,0,0,0,0,1080.0,1310.0,PSB-N,24,24,1.0
534,,2,CHEM,1BL,L&S,,2.0,1,1,0,1,0,0,0,1080.0,1310.0,PSB-N,24,24,1.0
535,,2,CHEM,1BL,L&S,,2.0,1,1,0,1,0,0,0,1080.0,1310.0,PSB-N,24,24,1.0
536,,2,CHEM,1BL,L&S,,2.0,1,1,0,0,1,0,0,1080.0,1310.0,PSB-N,24,24,1.0
537,,2,CHEM,1BL,L&S,,2.0,1,1,0,0,1,0,0,1080.0,1310.0,PSB-N,24,24,1.0
538,,2,CHEM,1BL,L&S,,2.0,1,1,0,0,0,1,0,1080.0,1310.0,PSB-N,24,24,1.0
539,,2,CHEM,1BL,L&S,,2.0,1,1,0,0,0,1,0,1080.0,1310.0,PSB-N,24,24,1.0
540,,2,CHEM,1C,L&S,,3.0,1,1,1,0,1,0,1,480.0,530.0,CHEM,87,113,0.7699115044247787
541,,2,CHEM,1C,L&S,,3.0,1,1,1,0,1,0,1,600.0,650.0,CHEM,344,354,0.9717514124293786
542,,2,CHEM,1C,L&S,,3.0,1,1,1,0,1,0,1,660.0,710.0,CHEM,354,354,1.0
543,,2,CHEM,1C,L&S,,3.0,1,1,1,0,1,0,1,720.0,770.0,CHEM,286,354,0.807909604519774
544,,2,CHEM,1CL,L&S,,2.0,1,1,0,1,0,0,0,480.0,710.0,PSB-N,0,20,0.0
545,,2,CHEM,1CL,L&S,,2.0,1,1,0,1,0,0,0,480.0,710.0,PSB-N,24,24,1.0
546,,2,CHEM,1CL,L&S,,2.0,1,1,0,1,0,0,0,480.0,710.0,PSB-N,20,20,1.0
547,,2,CHEM,1CL,L&S,,2.0,1,1,0,1,0,0,0,480.0,710.0,PSB-N,0,20,0.0
548,,2,CHEM,1CL,L&S,,2.0,1,1,0,0,0,1,0,480.0,710.0,PSB-N,0,20,0.0
549,,2,CHEM,1CL,L&S,,2.0,1,1,0,0,0,1,0,480.0,710.0,PSB-N,20,20,1.0
550,,2,CHEM,1CL,L&S,,2.0,1,1,1,0,0,0,0,780.0,1010.0,PSB-N,24,24,1.0
551,,2,CHEM,1CL,L&S,,2.0,1,1,1,0,0,0,0,780.0,1010.0,PSB-N,24,24,1.0
552,,2,CHEM,1CL,L&S,,2.0,1,1,1,0,0,0,0,780.0,1010.0,PSB-N,24,24,1.0
553,,2,CHEM,1CL,L&S,,2.0,1,1,1,0,0,0,0,780.0,1010.0,PSB-N,24,24,1.0
554,,2,CHEM,1CL,L&S,,2.0,1,1,1,0,0,0,0,780.0,1010.0,PSB-N,24,24,1.0
555,,2,CHEM,1CL,L&S,,2.0,1,1,0,1,0,0,0,780.0,1010.0,PSB-N,24,24,1.0
556,,2,CHEM,1CL,L&S,,2.0,1,1,0,1,0,0,0,780.0,1010.0,PSB-N,24,24,1.0
557,,2,CHEM,1CL,L&S,,2.0,1,1,0,1,0,0,0,780.0,1010.0,PSB-N,24,24,1.0
558,,2,CHEM,1CL,L&S,,2.0,1,1,0,0,1,0,0,780.0,1010.0,PSB-N,24,24,1.0
559,,2,CHEM,1CL,L&S,,2.0,1,1,0,0,1,0,0,780.0,1010.0,PSB-N,24,24,1.0
560,,2,CHEM,1CL,L&S,,2.0,1,1,0,0,1,0,0,780.0,1010.0,PSB-N,24,24,1.0
561,,2,CHEM,1CL,L&S,,2.0,1,1,0,0,1,0,0,780.0,1010.0,PSB-N,24,24,1.0
562,,2,CHEM,1CL,L&S,,2.0,1,1,0,0,1,0,0,780.0,1010.0,PSB-N,24,24,1.0
563,,2,CHEM,1CL,L&S,,2.0,1,1,0,0,0,1,0,780.0,1010.0,PSB-N,24,24,1.0
564,,2,CHEM,1CL,L&S,,2.0,1,1,0,0,0,1,0,780.0,1010.0,PSB-N,24,24,1.0
565,,2,CHEM,1CL,L&S,,2.0,1,1,0,0,0,1,0,780.0,1010.0,PSB-N,24,24,1.0
566,,2,CHEM,1CL,L&S,,2.0,1,1,0,0,0,0,1,780.0,1010.0,PSB-N,20,20,1.0
567,,2,CHEM,1CL,L&S,,2.0,1,1,0,0,0,0,1,780.0,1010.0,PSB-N,20,20,1.0
568,,2,CHEM,1CL,L&S,,2.0,1,1,0,0,0,0,1,780.0,1010.0,PSB-N,24,24,1.0
569,,2,CHEM,1CL,L&S,,2.0,1,1,1,0,0,0,0,1080.0,1310.0,PSB-N,24,24,1.0
570,,2,CHEM,1CL,L&S,,2.0,1,1,1,0,0,0,0,1080.0,1310.0,PSB-N,24,24,1.0
571,,2,CHEM,1CL,L&S,,2.0,1,1,1,0,0,0,0,1080.0,1310.0,PSB-N,24,24,1.0
572,,2,CHEM,1CL,L&S,,2.0,1,1,1,0,0,0,0,1080.0,1310.0,PSB-N,24,24,1.0
573,,2,CHEM,1CL,L&S,,2.0,1,1,0,1,0,0,0,1080.0,1310.0,PSB-N,24,24,1.0
574,,2,CHEM,1CL,L&S,,2.0,1,1,0,1,0,0,0,1080.0,1310.0,PSB-N,24,24,1.0
575,,2,CHEM,1CL,L&S,,2.0,1,1,0,1,0,0,0,1080.0,1310.0,PSB-N,24,24,1.0
576,,2,CHEM,1CL,L&S,,2.0,1,1,0,1,0,0,0,1080.0,1310.0,PSB-N,24,24,1.0
577,,2,CHEM,1CL,L&S,,2.0,1,1,0,0,1,0,0,1080.0,1310.0,PSB-N,24,24,1.0
578,,2,CHEM,1CL,L&S,,2.0,1,1,0,0,1,0,0,1080.0,1310.0,PSB-N,24,24,1.0
579,,2,CHEM,1CL,L&S,,2.0,1,1,0,0,1,0,0,1080.0,1310.0,PSB-N,24,24,1.0
580,,2,CHEM,1CL,L&S,,2.0,1,1,0,0,0,1,0,1080.0,1310.0,PSB-N,24,24,1.0
581,,2,CHEM,1CL,L&S,,2.0,1,1,0,0,0,1,0,1080.0,1310.0,PSB-N,24,24,1.0
582,,2,CHEM,1CL,L&S,,2.0,1,1,0,0,0,1,0,1080.0,1310.0,PSB-N,24,24,1.0
583,,2,CHEM,2C,L&S,,3.0,0,1,0,1,0,1,0,480.0,555.0,GIRV,48,48,1.0
584,,2,CHEM,2CC,L&S,,2.0,0,1,0,0,1,0,0,1080.0,1310.0,PSB-N,7,18,0.3888888888888889
585,,2,CHEM,2CC,L&S,,2.0,0,1,0,0,0,1,0,1080.0,1310.0,PSB-N,2,18,0.1111111111111111
586,,2,CHEM,6AL,L&S,,3.0,1,1,0,1,0,1,0,840.0,890.0,BUCHN,252,280,0.9
587,,2,CHEM,6AL,L&S,,3.0,1,1,0,1,0,0,0,1080.0,1310.0,PSB-N,18,18,1.0
588,,2,CHEM,6AL,L&S,,3.0,1,1,0,1,0,0,0,1080.0,1310.0,PSB-N,18,18,1.0
589,,2,CHEM,6AL,L&S,,3.0,1,1,0,1,0,0,0,1080.0,1310.0,PSB-N,18,18,1.0
590,,2,CHEM,6AL,L&S,,3.0,1,1,0,0,0,1,0,1080.0,1310.0,PSB-N,18,18,1.0
591,,2,CHEM,6AL,L&S,,3.0,1,1,0,0,0,1,0,1080.0,1310.0,PSB-N,18,18,1.0
592,,2,CHEM,6AL,L&S,,3.0,1,1,0,0,0,1,0,1080.0,1310.0,PSB-N,18,18,1.0
593,,2,CHEM,6AL,L&S,,3.0,1,1,0,0,0,0,1,480.0,710.0,PSB-N,18,18,1.0
594,,2,CHEM,6AL,L&S,,3.0,1,1,0,0,0,0,1,480.0,710.0,PSB-N,18,18,1.0
595,,2,CHEM,6AL,L&S,,3.0,1,1,0,0,0,0,1,480.0,710.0,PSB-N,18,18,1.0
596,,2,CHEM,6AL,L&S,,3.0,1,1,0,0,0,0,1,780.0,1010.0,PSB-N,18,18,1.0
597,,2,CHEM,6AL,L&S,,3.0,1,1,0,0,0,0,1,780.0,1010.0,PSB-N,18,18,1.0
598,,2,CHEM,6AL,L&S,,3.0,1,1,0,0,0,0,1,780.0,1010.0,PSB-N,18,18,1.0
599,,2,CHEM,6AL,L&S,,3.0,1,1,0,0,0,0,1,1020.0,1250.0,PSB-N,18,18,1.0
600,,2,CHEM,6AL,L&S,,3.0,1,1,0,0,0,0,1,1020.0,1250.0,PSB-N,18,18,1.0
601,,2,CHEM,6AL,L&S,,3.0,1,1,0,0,0,0,1,1020.0,1250.0,PSB-N,0,18,0.0
602,,2,CHEM,6BL,L&S,,3.0,1,1,1,0,1,0,0,480.0,710.0,PSB-N,18,18,1.0
603,,2,CHEM,6BL,L&S,,3.0,1,1,1,0,1,0,0,480.0,710.0,PSB-N,18,18,1.0
604,,2,CHEM,6BL,L&S,,3.0,1,1,1,0,1,0,0,480.0,710.0,PSB-N,18,18,1.0
605,,2,CHEM,6BL,L&S,,3.0,1,1,1,0,1,0,0,780.0,1010.0,PSB-N,18,18,1.0
606,,2,CHEM,6BL,L&S,,3.0,1,1,1,0,1,0,0,780.0,1010.0,PSB-N,18,18,1.0
607,,2,CHEM,6BL,L&S,,3.0,1,1,1,0,1,0,0,780.0,1010.0,PSB-N,18,18,1.0
608,,2,CHEM,6BL,L&S,,3.0,1,1,0,1,0,1,0,780.0,1010.0,PSB-N,18,18,1.0
609,,2,CHEM,6BL,L&S,,3.0,1,1,0,1,0,1,0,780.0,1010.0,PSB-N,18,18,1.0
610,,2,CHEM,6BL,L&S,,3.0,1,1,0,1,0,1,0,780.0,1010.0,PSB-N,18,18,1.0
611,,2,CHEM,6BL,L&S,,3.0,1,1,1,0,1,0,0,1080.0,1310.0,PSB-N,18,18,1.0
612,,2,CHEM,6BL,L&S,,3.0,1,1,1,0,1,0,0,1080.0,1310.0,PSB-N,18,18,1.0
613,,2,CHEM,6BL,L&S,,3.0,1,1,1,0,1,0,0,1080.0,1310.0,PSB-N,18,18,1.0
614,,2,CHEM,6BL,L&S,,3.0,1,1,0,1,0,1,0,480.0,710.0,PSB-N,18,18,1.0
615,,2,CHEM,6BL,L&S,,3.0,1,1,0,1,0,1,0,480.0,710.0,PSB-N,18,18,1.0
616,,2,CHEM,6BL,L&S,,3.0,1,1,0,1,0,1,0,480.0,710.0,PSB-N,18,18,1.0
617,,2,CHEM,6CL,L&S,,3.0,1,1,0,1,0,1,0,480.0,710.0,PSB-N,8,8,1.0
618,,2,CHEM,6CL,L&S,,3.0,1,1,0,1,0,1,0,780.0,1010.0,PSB-N,8,8,1.0
619,,2,CHEM,6CL,L&S,,3.0,1,1,0,1,0,1,0,1080.0,1310.0,PSB-N,8,8,1.0
620,,2,CHEM,99,L&S,1.0,3.0,1,1,0,0,0,0,0,,,nan,0,40,0.0
621,,2,CHEM CS,103,CRST,1.0,6.0,1,0,1,0,1,0,1,660.0,710.0,CRST,6,20,0.3
622,,2,CHEM,109A,L&S,,4.0,1,1,1,0,1,0,1,480.0,530.0,BUCHN,81,115,0.7043478260869566
623,,2,CHEM,109B,L&S,,4.0,1,1,1,0,1,0,1,960.0,1010.0,CHEM,354,354,1.0
624,,2,CHEM,109C,L&S,,4.0,1,1,1,0,1,0,1,780.0,830.0,CHEM,296,300,0.9866666666666667
625,,2,CHEM,109C,L&S,,4.0,1,1,1,0,1,0,1,840.0,890.0,CHEM,227,300,0.7566666666666667
626,,2,CHEM,109CH,L&S,,4.0,1,1,1,0,1,0,1,600.0,650.0,PHELP,42,50,0.84
627,,2,CHEM CS,110,CRST,1.0,4.0,1,0,1,0,1,0,0,570.0,645.0,,1,25,0.04
628,,2,CHEM,112C,L&S,,4.0,1,1,1,0,1,0,1,540.0,590.0,PHELP,32,48,0.6666666666666666
629,,2,CHEM,112C,L&S,,4.0,1,1,0,0,0,0,1,900.0,950.0,HSSB,12,24,0.5
630,,2,CHEM,112C,L&S,,4.0,1,1,0,0,0,0,1,840.0,890.0,HSSB,20,24,0.8333333333333334
631,,2,CHEM,112L,L&S,,3.0,0,1,1,0,1,0,0,840.0,1070.0,PSB-N,12,14,0.8571428571428571
632,,2,CHEM,112L,L&S,,3.0,0,1,0,1,0,1,0,480.0,710.0,PSB-N,13,14,0.9285714285714286
633,,2,CHEM,112L,L&S,,3.0,0,1,1,0,1,0,0,600.0,830.0,PSB-N,14,14,1.0
634,,2,CHEM,113C,L&S,,4.0,1,1,1,0,1,0,1,540.0,590.0,LSB,140,159,0.8805031446540881
635,,2,CHEM,113C,L&S,,4.0,1,1,1,0,0,0,0,1020.0,1070.0,HSSB,18,18,1.0
636,,2,CHEM,113C,L&S,,4.0,1,1,1,0,0,0,0,1080.0,1130.0,GIRV,18,18,1.0
637,,2,CHEM,113C,L&S,,4.0,1,1,1,0,0,0,0,960.0,1010.0,GIRV,16,16,1.0
638,,2,CHEM,113C,L&S,,4.0,1,1,1,0,0,0,0,1020.0,1070.0,ELLSN,18,18,1.0
639,,2,CHEM,113C,L&S,,4.0,1,1,1,0,0,0,0,1080.0,1130.0,ELLSN,18,18,1.0
640,,2,CHEM,113C,L&S,,4.0,1,1,0,0,1,0,0,1020.0,1070.0,GIRV,16,16,1.0
641,,2,CHEM,113C,L&S,,4.0,1,1,0,0,1,0,0,1080.0,1130.0,GIRV,0,16,0.0
642,,2,CHEM,113C,L&S,,4.0,1,1,0,0,1,0,0,1080.0,1130.0,GIRV,0,16,0.0
643,,2,CHEM,113C,L&S,,4.0,1,1,1,0,0,0,0,600.0,650.0,HSSB,18,18,1.0
644,,2,CHEM,113C,L&S,,4.0,1,1,0,0,1,0,0,720.0,770.0,ELLSN,18,18,1.0
645,,2,CHEM,115C,L&S,,3.0,1,1,1,0,1,0,0,570.0,645.0,ELLSN,1,10,0.1
646,,2,CHEM,116BL,L&S,,3.0,1,1,1,0,0,0,0,720.0,770.0,BUCHN,86,149,0.5771812080536913
647,,2,CHEM,116BL,L&S,,3.0,1,1,0,1,0,1,0,480.0,710.0,PSB-N,14,18,0.7777777777777778
648,,2,CHEM,116BL,L&S,,3.0,1,1,0,1,0,1,0,780.0,1010.0,PSB-N,18,18,1.0
649,,2,CHEM,116BL,L&S,,3.0,1,1,0,1,0,1,0,1080.0,1310.0,PSB-N,18,18,1.0
650,,2,CHEM,116BL,L&S,,3.0,1,1,0,0,1,0,1,600.0,830.0,PSB-N,0,18,0.0
651,,2,CHEM,116BL,L&S,,3.0,1,1,1,0,1,0,0,780.0,1010.0,PSB-N,18,18,1.0
652,,2,CHEM,116BL,L&S,,3.0,1,1,1,0,1,0,0,1080.0,1310.0,PSB-N,18,18,1.0
653,,2,CHEM,116BL,L&S,,3.0,1,1,1,0,0,0,0,480.0,710.0,PSB-N,0,18,0.0
654,,2,CHEM,116BL,L&S,,3.0,1,1,0,0,0,0,1,840.0,1070.0,PSB-N,0,18,0.0
655,,2,CHEM,123,L&S,,3.0,1,1,0,1,0,1,0,1020.0,1095.0,GIRV,172,206,0.8349514563106796
656,,2,CHEM,128,L&S,,3.0,1,1,0,1,0,1,0,570.0,645.0,PHELP,31,30,1.0333333333333334
657,,2,CHEM,132,L&S,,3.0,1,1,0,1,0,1,0,660.0,735.0,ELLSN,0,5,0.0
658,,2,CHEM,133,L&S,,3.0,1,1,0,1,0,1,0,930.0,1005.0,PHELP,0,10,0.0
659,,2,CHEM,142C,L&S,,3.0,0,1,0,1,0,1,0,840.0,915.0,WEBB,39,75,0.52
660,,2,CHEM,145,L&S,,3.0,0,1,0,1,0,1,0,930.0,1005.0,GIRV,1,10,0.1
661,,2,CHEM,145,L&S,,3.0,0,1,0,1,0,1,0,1020.0,1070.0,GIRV,1,10,0.1
662,,2,CHEM,147,L&S,,3.0,1,1,0,1,0,1,0,930.0,1005.0,BIOEN,95,97,0.979381443298969
663,,2,CHEM,151,L&S,,4.0,1,1,0,1,0,1,0,660.0,735.0,HSSB,7,7,1.0
664,,2,CHEM,151,L&S,,4.0,1,1,0,0,0,0,1,540.0,590.0,LSB,7,7,1.0
665,,2,CHEM,153,L&S,,3.0,1,1,0,1,0,1,0,840.0,915.0,PHELP,15,15,1.0
666,,2,CHEM,153,L&S,,3.0,1,1,0,1,0,1,0,1020.0,1250.0,PSB-N,15,15,1.0
667,,2,CHEM,176,L&S,,3.0,1,1,0,1,0,1,0,750.0,825.0,PHELP,11,15,0.7333333333333333
668,,2,CHEM,186,L&S,,3.0,1,1,1,0,1,0,0,840.0,915.0,PHELP,15,15,1.0
669,,2,CHEM,192,L&S,,3.0,0,1,0,0,0,0,0,,,nan,0,2,0.0
670,,2,CHEM,196,L&S,1.0,4.0,1,1,1,0,1,0,0,600.0,675.0,BIOEN,0,7,0.0
671,,2,CHEM,199,L&S,1.0,5.0,1,1,0,0,0,0,0,,,nan,0,50,0.0
672,,2,DANCE,42F,L&S,,2.0,1,1,1,0,1,0,0,660.0,735.0,TD-W,29,30,0.9666666666666667
673,,2,DANCE,43C,L&S,,2.0,1,1,0,1,0,1,0,570.0,645.0,HSSB,18,20,0.9
674,,2,DANCE,45,L&S,,4.0,1,1,1,0,1,0,1,600.0,650.0,IV   THEA,510,510,1.0
675,,2,DANCE,47C,L&S,2.0,4.0,1,1,1,0,1,0,1,750.0,825.0,TD-W,19,20,0.95
676,,2,DANCE,47C,L&S,2.0,4.0,1,1,0,1,0,1,0,540.0,650.0,TD-W,3,20,0.15
677,,2,DANCE,47F,L&S,2.0,4.0,1,1,0,1,0,1,0,540.0,650.0,TD-W,11,25,0.44
678,,2,DANCE,47F,L&S,2.0,4.0,1,1,1,0,1,0,1,930.0,1005.0,TD-W,9,25,0.36
679,,2,DANCE,56C,L&S,2.0,4.0,1,1,1,0,1,0,1,480.0,555.0,HSSB,14,25,0.56
680,,2,DANCE,56C,L&S,2.0,4.0,1,1,0,1,0,1,0,780.0,890.0,HSSB,16,20,0.8
681,,2,DANCE,56F,L&S,2.0,4.0,1,1,1,0,1,0,1,750.0,825.0,HSSB,11,25,0.44
682,,2,DANCE,56F,L&S,2.0,4.0,1,1,0,1,0,1,0,660.0,770.0,HSSB,1,20,0.05
683,,2,DANCE,145E,L&S,,4.0,1,1,1,0,0,0,0,660.0,830.0,TD-W,20,20,1.0
684,,2,DANCE,147C,L&S,2.0,4.0,1,1,1,0,1,0,1,570.0,645.0,HSSB,13,30,0.43333333333333335
685,,2,DANCE,147F,L&S,2.0,4.0,1,1,1,0,1,0,1,570.0,645.0,TD-W,16,20,0.8
686,,2,DANCE,147PC,L&S,1.0,2.0,1,1,0,1,0,1,0,660.0,770.0,TD-W,9,20,0.45
687,,2,DANCE,149,L&S,1.0,4.0,1,1,0,0,0,0,0,,,nan,0,200,0.0
688,,2,DANCE,151C,L&S,,3.0,1,1,0,1,0,1,0,900.0,1010.0,HSSB,8,25,0.32
689,,2,DANCE,151DC,L&S,,3.0,0,1,0,1,0,1,0,900.0,1010.0,KERR,8,12,0.6666666666666666
690,,2,DANCE,156C,L&S,2.0,4.0,1,1,1,0,1,0,1,840.0,915.0,HSSB,15,20,0.75
691,,2,DANCE,156C,L&S,2.0,4.0,1,1,0,1,0,1,0,540.0,650.0,HSSB,5,20,0.25
692,,2,DANCE,156F,L&S,2.0,4.0,1,1,1,0,1,0,1,840.0,915.0,HSSB,11,20,0.55
693,,2,DANCE,156F,L&S,2.0,4.0,1,1,0,1,0,1,0,540.0,650.0,HSSB,10,20,0.5
694,,2,DANCE,158,L&S,2.0,3.0,0,1,0,0,0,0,0,,,nan,0,0,
695,,2,DANCE,190,L&S,2.0,4.0,1,1,1,0,1,0,1,930.0,1040.0,HSSB,2,15,0.13333333333333333
696,,2,DANCE,191,L&S,,3.0,0,1,0,0,0,0,0,,,nan,0,10,0.0
697,,2,DANCE,193H,L&S,,4.0,0,1,0,0,0,0,0,,,nan,0,10,0.0
698,,2,DANCE,193HC,L&S,2.0,4.0,0,1,0,0,0,0,0,,,nan,0,5,0.0
699,,2,DANCE,194,L&S,1.0,4.0,1,1,0,0,0,0,0,,,nan,0,10,0.0
700,,2,DANCE,199,L&S,1.0,5.0,0,1,0,0,0,0,0,,,nan,0,10,0.0
701,,2,BL ST,3,L&S,,4.0,0,1,0,1,0,1,0,480.0,555.0,PSYCH,120,120,1.0
702,,2,BL ST,3,L&S,,4.0,0,1,0,1,0,0,0,840.0,890.0,SH,20,20,1.0
703,,2,BL ST,3,L&S,,4.0,0,1,0,1,0,0,0,900.0,950.0,SH,20,20,1.0
704,,2,BL ST,3,L&S,,4.0,0,1,0,0,1,0,0,720.0,770.0,SH,20,20,1.0
705,,2,BL ST,3,L&S,,4.0,0,1,0,0,1,0,0,960.0,1010.0,SH,20,20,1.0
706,,2,BL ST,3,L&S,,4.0,0,1,0,0,1,0,0,480.0,530.0,SH,20,20,1.0
707,,2,BL ST,3,L&S,,4.0,0,1,0,0,1,0,0,1020.0,1070.0,SH,20,20,1.0
708,,2,BL ST,7,L&S,,4.0,0,1,1,0,1,0,0,840.0,915.0,PSYCH,120,120,1.0
709,,2,BL ST,7,L&S,,4.0,0,1,0,1,0,0,0,480.0,530.0,SH,20,20,1.0
710,,2,BL ST,7,L&S,,4.0,0,1,0,1,0,0,0,540.0,590.0,SH,20,20,1.0
711,,2,BL ST,7,L&S,,4.0,0,1,0,1,0,0,0,600.0,650.0,SH,20,20,1.0
712,,2,BL ST,7,L&S,,4.0,0,1,0,1,0,0,0,660.0,710.0,SH,20,20,1.0
713,,2,BL ST,7,L&S,,4.0,0,1,0,1,0,0,0,720.0,770.0,SH,20,20,1.0
714,,2,BL ST,7,L&S,,4.0,0,1,0,1,0,0,0,780.0,830.0,SH,20,20,1.0
715,,2,BL ST,45,L&S,,4.0,0,1,0,1,0,1,0,660.0,735.0,PHELP,60,60,1.0
716,,2,BL ST,45,L&S,,4.0,0,1,0,0,1,0,0,840.0,890.0,HSSB,20,20,1.0
717,,2,BL ST,45,L&S,,4.0,0,1,0,0,1,0,0,900.0,950.0,HSSB,20,20,1.0
718,,2,BL ST,45,L&S,,4.0,0,1,0,0,1,0,0,960.0,1010.0,HSSB,20,20,1.0
719,,2,BL ST,99,L&S,1.0,4.0,0,1,0,0,0,0,0,,,nan,0,5,0.0
720,,2,BL ST,106,L&S,,4.0,0,1,1,0,1,0,0,750.0,825.0,WEBB,67,80,0.8375
721,,2,BL ST,117,L&S,,4.0,0,1,0,1,0,1,0,840.0,915.0,GIRV,40,40,1.0
722,,2,BL ST,136,L&S,,4.0,0,1,1,0,1,0,0,570.0,645.0,,39,40,0.975
723,,2,BL ST,165,L&S,,4.0,0,1,0,1,0,1,0,570.0,645.0,TD-W,60,60,1.0
724,,2,BL ST,169BR,L&S,,4.0,0,1,0,1,0,1,0,570.0,645.0,HSSB,75,75,1.0
725,,2,BL ST,174,L&S,,4.0,0,1,1,0,0,0,0,840.0,1010.0,GIRV,65,65,1.0
726,,2,BL ST,179,L&S,,4.0,0,1,1,0,0,0,0,900.0,1070.0,PHELP,65,65,1.0
727,,2,BL ST,190,L&S,,4.0,0,1,0,0,1,0,0,780.0,950.0,SH,13,20,0.65
728,,2,BL ST,193GS,L&S,,4.0,0,1,0,1,0,1,0,660.0,735.0,TD-W,17,60,0.2833333333333333
729,,2,BL ST,193GS,L&S,,4.0,0,1,0,0,1,0,0,1020.0,1190.0,PHELP,17,60,0.2833333333333333
730,,2,BL ST,193TK,L&S,,4.0,0,1,0,1,0,1,0,840.0,915.0,HSSB,23,75,0.30666666666666664
731,,2,BL ST,197,L&S,1.0,8.0,0,1,0,0,0,0,0,,,nan,0,20,0.0
732,,2,BL ST,199,L&S,1.0,4.0,0,1,0,0,0,0,0,,,nan,0,15,0.0
733,,2,BL ST,199RA,L&S,1.0,5.0,0,1,0,0,0,0,0,,,nan,0,5,0.0
734,,2,BMSE,199,L&S,1.0,5.0,1,1,0,0,0,0,0,,,nan,0,4,0.0
735,,2,ECON,2,L&S,,4.0,1,1,0,1,0,1,0,660.0,735.0,CAMPBHALL,585,666,0.8783783783783784
736,,2,ECON,2,L&S,,4.0,1,1,0,0,1,0,0,1140.0,1190.0,GIRV,32,32,1.0
737,,2,ECON,2,L&S,,4.0,1,1,0,0,0,0,1,540.0,590.0,GIRV,32,32,1.0
738,,2,ECON,2,L&S,,4.0,1,1,0,0,0,0,1,540.0,590.0,GIRV,25,37,0.6756756756756757
739,,2,ECON,2,L&S,,4.0,1,1,0,0,0,0,1,600.0,650.0,GIRV,32,32,1.0
740,,2,ECON,2,L&S,,4.0,1,1,0,0,1,0,0,1140.0,1190.0,GIRV,35,32,1.09375
741,,2,ECON,2,L&S,,4.0,1,1,0,0,1,0,0,1020.0,1070.0,GIRV,32,32,1.0
742,,2,ECON,2,L&S,,4.0,1,1,0,0,1,0,0,1020.0,1070.0,GIRV,36,32,1.125
743,,2,ECON,2,L&S,,4.0,1,1,0,0,1,0,0,1080.0,1130.0,GIRV,33,32,1.03125
744,,2,ECON,2,L&S,,4.0,1,1,0,0,1,0,0,1080.0,1130.0,GIRV,33,32,1.03125
745,,2,ECON,2,L&S,,4.0,1,1,0,0,0,0,1,540.0,590.0,GIRV,14,37,0.3783783783783784
746,,2,ECON,2,L&S,,4.0,1,1,0,0,0,0,1,600.0,650.0,GIRV,34,32,1.0625
747,,2,ECON,2,L&S,,4.0,1,1,0,0,0,0,1,600.0,650.0,GIRV,36,32,1.125
748,,2,ECON,2,L&S,,4.0,1,1,0,0,0,0,1,660.0,710.0,GIRV,36,32,1.125
749,,2,ECON,2,L&S,,4.0,1,1,0,0,0,0,1,660.0,710.0,GIRV,34,32,1.0625
750,,2,ECON,2,L&S,,4.0,1,1,0,0,1,0,0,1020.0,1070.0,GIRV,36,32,1.125
751,,2,ECON,2,L&S,,4.0,1,1,0,0,1,0,0,1080.0,1130.0,GIRV,32,32,1.0
752,,2,ECON,2,L&S,,4.0,1,1,0,0,0,0,1,660.0,710.0,GIRV,37,37,1.0
753,,2,ECON,2,L&S,,4.0,1,1,0,0,1,0,0,1140.0,1190.0,GIRV,36,32,1.125
754,,2,ECON,3A,L&S,,4.0,1,1,0,1,0,1,0,480.0,555.0,BUCHN,224,240,0.9333333333333333
755,,2,ECON,3A,L&S,,4.0,1,1,0,1,0,0,0,780.0,830.0,GIRV,29,30,0.9666666666666667
756,,2,ECON,3A,L&S,,4.0,1,1,0,1,0,0,0,840.0,890.0,NH,30,30,1.0
757,,2,ECON,3A,L&S,,4.0,1,1,0,1,0,0,0,900.0,950.0,NH,29,30,0.9666666666666667
758,,2,ECON,3A,L&S,,4.0,1,1,0,0,0,1,0,780.0,830.0,GIRV,30,30,1.0
759,,2,ECON,3A,L&S,,4.0,1,1,0,0,0,1,0,840.0,890.0,PHELP,30,30,1.0
760,,2,ECON,3A,L&S,,4.0,1,1,0,0,0,1,0,900.0,950.0,PHELP,0,30,0.0
761,,2,ECON,3A,L&S,,4.0,1,1,0,1,0,0,0,600.0,650.0,GIRV,29,30,0.9666666666666667
762,,2,ECON,3A,L&S,,4.0,1,1,0,1,0,0,0,1020.0,1070.0,GIRV,27,30,0.9
763,,2,ECON,3A,L&S,,4.0,1,1,0,0,0,1,0,840.0,890.0,GIRV,20,30,0.6666666666666666
764,,2,ECON,3AH,L&S,,1.0,1,0,0,0,0,1,0,600.0,650.0,PHELP,0,20,0.0
765,,2,ECON,3B,L&S,,4.0,1,1,1,0,1,0,0,930.0,1005.0,GIRV,118,128,0.921875
766,,2,ECON,3B,L&S,,4.0,1,1,0,0,0,1,0,840.0,890.0,NH,29,32,0.90625
767,,2,ECON,3B,L&S,,4.0,1,1,0,0,0,1,0,780.0,830.0,NH,30,32,0.9375
768,,2,ECON,3B,L&S,,4.0,1,1,0,1,0,0,0,540.0,590.0,NH,29,32,0.90625
769,,2,ECON,3B,L&S,,4.0,1,1,0,0,0,1,0,540.0,590.0,NH,0,30,0.0
770,,2,ECON,3B,L&S,,4.0,1,1,0,1,0,0,0,780.0,830.0,NH,0,30,0.0
771,,2,ECON,3B,L&S,,4.0,1,1,0,1,0,0,0,840.0,890.0,NH,30,32,0.9375
772,,2,ECON,3BH,L&S,,1.0,1,0,1,0,0,0,0,780.0,830.0,NH,8,15,0.5333333333333333
773,,2,ECON,9,L&S,,4.0,1,1,1,0,1,0,1,480.0,530.0,EMBARHALL,155,180,0.8611111111111112
774,,2,ECON,9,L&S,,4.0,1,1,0,1,0,0,0,960.0,1010.0,GIRV,35,30,1.1666666666666667
775,,2,ECON,9,L&S,,4.0,1,1,0,1,0,0,0,960.0,1010.0,,35,30,1.1666666666666667
776,,2,ECON,9,L&S,,4.0,1,1,0,1,0,0,0,1020.0,1070.0,GIRV,34,30,1.1333333333333333
777,,2,ECON,9,L&S,,4.0,1,1,0,1,0,0,0,1080.0,1130.0,GIRV,18,30,0.6
778,,2,ECON,9,L&S,,4.0,1,1,0,1,0,0,0,1020.0,1070.0,,23,30,0.7666666666666667
779,,2,ECON,9,L&S,,4.0,1,1,0,1,0,0,0,1080.0,1130.0,PHELP,10,30,0.3333333333333333
780,,2,ECON,10A,L&S,,4.0,1,1,1,0,1,0,1,660.0,710.0,IV   THEA,340,384,0.8854166666666666
781,,2,ECON,10A,L&S,,4.0,1,1,0,0,0,1,0,960.0,1010.0,GIRV,32,32,1.0
782,,2,ECON,10A,L&S,,4.0,1,1,0,0,0,1,0,1020.0,1070.0,GIRV,32,32,1.0
783,,2,ECON,10A,L&S,,4.0,1,1,0,0,0,1,0,1020.0,1070.0,PHELP,32,32,1.0
784,,2,ECON,10A,L&S,,4.0,1,1,0,0,0,1,0,1080.0,1130.0,PHELP,21,32,0.65625
785,,2,ECON,10A,L&S,,4.0,1,1,0,0,0,1,0,1080.0,1130.0,PHELP,22,32,0.6875
786,,2,ECON,10A,L&S,,4.0,1,1,0,0,0,1,0,960.0,1010.0,,32,32,1.0
787,,2,ECON,10A,L&S,,4.0,1,1,0,0,0,1,0,1020.0,1070.0,PHELP,28,32,0.875
788,,2,ECON,10A,L&S,,4.0,1,1,0,0,0,1,0,1080.0,1130.0,PHELP,21,32,0.65625
789,,2,ECON,10A,L&S,,4.0,1,1,0,0,0,1,0,540.0,590.0,GIRV,25,32,0.78125
790,,2,ECON,10A,L&S,,4.0,1,1,0,0,0,1,0,960.0,1010.0,GIRV,32,32,1.0
791,,2,ECON,10A,L&S,,4.0,1,1,0,0,0,1,0,540.0,590.0,GIRV,31,32,0.96875
792,,2,ECON,10A,L&S,,4.0,1,1,0,0,0,1,0,600.0,650.0,ARTS,32,32,1.0
793,,2,ECON,96,L&S,,2.0,0,1,1,0,0,0,0,930.0,1040.0,NH,0,20,0.0
794,,2,ECON,100B,L&S,,4.0,0,1,1,0,1,0,0,930.0,1005.0,PHELP,36,90,0.4
795,,2,ECON,100B,L&S,,4.0,0,1,0,1,0,0,0,1020.0,1070.0,GIRV,28,45,0.6222222222222222
796,,2,ECON,100B,L&S,,4.0,0,1,0,1,0,0,0,1080.0,1130.0,GIRV,8,45,0.17777777777777778
797,,2,ECON,100B,L&S,,4.0,0,1,0,1,0,1,0,480.0,555.0,IV   THEA,20,140,0.14285714285714285
798,,2,ECON,100B,L&S,,4.0,0,1,0,0,0,0,1,600.0,650.0,GIRV,0,35,0.0
799,,2,ECON,100B,L&S,,4.0,0,1,0,0,0,0,1,660.0,710.0,PHELP,0,35,0.0
800,,2,ECON,100B,L&S,,4.0,0,1,0,0,1,0,0,840.0,890.0,ARTS,14,35,0.4
801,,2,ECON,100B,L&S,,4.0,0,1,0,0,1,0,0,660.0,710.0,,6,35,0.17142857142857143
802,,2,ECON,101,L&S,,4.0,0,1,1,0,1,0,1,720.0,770.0,CAMPBHALL,417,640,0.6515625
803,,2,ECON,101,L&S,,4.0,0,1,0,1,0,0,0,1020.0,1070.0,GIRV,30,27,1.1111111111111112
804,,2,ECON,101,L&S,,4.0,0,1,0,1,0,0,0,1020.0,1070.0,GIRV,29,27,1.0740740740740742
805,,2,ECON,101,L&S,,4.0,0,1,0,1,0,0,0,960.0,1010.0,GIRV,31,27,1.1481481481481481
806,,2,ECON,101,L&S,,4.0,0,1,0,1,0,0,0,960.0,1010.0,NH,30,27,1.1111111111111112
807,,2,ECON,101,L&S,,4.0,0,1,0,0,1,0,0,1020.0,1070.0,GIRV,31,27,1.1481481481481481
808,,2,ECON,101,L&S,,4.0,0,1,0,0,1,0,0,1140.0,1190.0,GIRV,27,27,1.0
809,,2,ECON,101,L&S,,4.0,0,1,0,1,0,0,0,540.0,590.0,PHELP,28,27,1.037037037037037
810,,2,ECON,101,L&S,,4.0,0,1,0,1,0,0,0,1140.0,1190.0,NH,23,32,0.71875
811,,2,ECON,101,L&S,,4.0,0,1,0,0,0,1,0,1020.0,1070.0,GIRV,28,27,1.037037037037037
812,,2,ECON,101,L&S,,4.0,0,1,0,0,0,1,0,1080.0,1130.0,GIRV,12,32,0.375
813,,2,ECON,101,L&S,,4.0,0,1,0,0,1,0,0,1020.0,1070.0,GIRV,28,27,1.037037037037037
814,,2,ECON,101,L&S,,4.0,0,1,0,0,1,0,0,1080.0,1130.0,NH,31,27,1.1481481481481481
815,,2,ECON,101,L&S,,4.0,0,1,0,1,0,0,0,1080.0,1130.0,GIRV,23,32,0.71875
816,,2,ECON,101,L&S,,4.0,0,1,0,1,0,0,0,1080.0,1130.0,GIRV,10,32,0.3125
817,,2,ECON,101,L&S,,4.0,0,1,0,1,0,0,0,1140.0,1190.0,GIRV,7,32,0.21875
818,,2,ECON,101,L&S,,4.0,0,1,0,1,0,0,0,1140.0,1190.0,GIRV,0,32,0.0
819,,2,ECON,101,L&S,,4.0,0,1,0,0,0,1,0,1020.0,1070.0,GIRV,32,27,1.1851851851851851
820,,2,ECON,101,L&S,,4.0,0,1,0,0,0,1,0,1080.0,1130.0,GIRV,8,32,0.25
821,,2,ECON,101,L&S,,4.0,0,1,0,0,0,1,0,1140.0,1190.0,GIRV,0,32,0.0
822,,2,ECON,101,L&S,,4.0,0,1,0,0,0,1,0,1140.0,1190.0,GIRV,9,32,0.28125
823,,2,ECON,107B,L&S,,4.0,0,1,1,0,1,0,1,480.0,530.0,PSYCH,35,100,0.35
824,,2,ECON,112A,L&S,,4.0,0,1,1,0,1,0,1,600.0,650.0,HSSB,75,75,1.0
825,,2,ECON,114A,L&S,,4.0,0,1,1,0,1,0,1,660.0,710.0,BUCHN,140,140,1.0
826,,2,ECON,115,L&S,,4.0,0,1,0,1,0,1,0,930.0,1005.0,BUCHN,130,130,1.0
827,,2,ECON,115,L&S,,4.0,0,1,0,0,1,0,0,720.0,770.0,PHELP,65,65,1.0
828,,2,ECON,115,L&S,,4.0,0,1,0,0,1,0,0,780.0,830.0,PHELP,65,65,1.0
829,,2,ECON,118,L&S,,4.0,0,1,0,1,0,1,0,840.0,915.0,GIRV,20,60,0.3333333333333333
830,,2,ECON,118,L&S,,4.0,0,1,1,0,1,0,0,1020.0,1095.0,GIRV,59,50,1.18
831,,2,ECON,118,L&S,,4.0,0,1,0,1,0,1,0,750.0,825.0,GIRV,36,60,0.6
832,,2,ECON,118H,L&S,,1.0,1,0,0,0,0,1,0,1110.0,1185.0,HSSB,0,35,0.0
833,,2,ECON,118H,L&S,,1.0,1,0,1,0,0,0,0,780.0,830.0,NH,1,15,0.06666666666666667
834,,2,ECON,130,L&S,,4.0,0,1,1,0,1,0,0,840.0,915.0,PHELP,48,48,1.0
835,,2,ECON,132A,L&S,,4.0,0,1,0,1,0,1,0,660.0,735.0,BUCHN,100,100,1.0
836,,2,ECON,132AH,L&S,,1.0,1,0,0,0,0,1,0,600.0,650.0,PHELP,0,30,0.0
837,,2,ECON,134A,L&S,,4.0,0,1,0,1,0,1,0,1020.0,1095.0,SH,60,60,1.0
838,,2,ECON,134A,L&S,,4.0,0,1,0,0,1,0,0,1080.0,1130.0,PHELP,30,30,1.0
839,,2,ECON,134A,L&S,,4.0,0,1,0,0,1,0,0,1140.0,1190.0,GIRV,30,30,1.0
840,,2,ECON,134A,L&S,,4.0,0,1,0,1,0,1,0,480.0,555.0,PHELP,49,60,0.8166666666666667
841,,2,ECON,134A,L&S,,4.0,0,1,0,0,1,0,0,540.0,590.0,PHELP,19,30,0.6333333333333333
842,,2,ECON,134A,L&S,,4.0,0,1,0,0,1,0,0,600.0,650.0,PHELP,30,30,1.0
843,,2,ECON,134A,L&S,,4.0,0,1,1,0,1,0,0,1110.0,1185.0,PHELP,60,60,1.0
844,,2,ECON,134A,L&S,,4.0,0,1,0,1,0,0,0,1020.0,1070.0,GIRV,30,30,1.0
845,,2,ECON,134A,L&S,,4.0,0,1,0,1,0,0,0,1080.0,1130.0,GIRV,30,30,1.0
846,,2,ECON,135,L&S,,4.0,0,1,0,1,0,1,0,750.0,825.0,PHELP,60,60,1.0
847,,2,ECON,136A,L&S,,5.0,0,1,1,0,1,0,0,570.0,645.0,NH,20,70,0.2857142857142857
848,,2,ECON,136A,L&S,,5.0,0,1,0,1,0,0,0,480.0,530.0,GIRV,4,35,0.11428571428571428
849,,2,ECON,136A,L&S,,5.0,0,1,0,1,0,0,0,600.0,650.0,ARTS,16,35,0.45714285714285713
850,,2,ECON,136A,L&S,,5.0,0,1,0,1,0,1,0,1020.0,1095.0,NH,55,70,0.7857142857142857
851,,2,ECON,136A,L&S,,5.0,0,1,0,0,0,0,1,540.0,590.0,,20,35,0.5714285714285714
852,,2,ECON,136A,L&S,,5.0,0,1,0,0,0,0,1,600.0,650.0,PHELP,35,35,1.0
853,,2,ECON,136AH,L&S,,1.0,1,0,0,0,0,1,0,900.0,950.0,NH,0,30,0.0
854,,2,ECON,136B,L&S,,4.0,0,1,0,1,0,1,0,570.0,645.0,NH,45,70,0.6428571428571429
855,,2,ECON,136B,L&S,,4.0,0,1,0,1,0,1,0,660.0,735.0,NH,70,50,1.4
856,,2,ECON,136C,L&S,,4.0,0,1,0,1,0,1,0,750.0,825.0,NH,70,50,1.4
857,,2,ECON,136C,L&S,,4.0,0,1,1,0,1,0,0,840.0,915.0,NH,36,70,0.5142857142857142
858,,2,ECON,136CH,L&S,,1.0,1,0,0,1,0,0,0,900.0,950.0,NH,0,30,0.0
859,,2,ECON,137A,L&S,,4.0,0,1,0,1,0,1,0,660.0,735.0,GIRV,57,70,0.8142857142857143
860,,2,ECON,137A,L&S,,4.0,0,1,0,0,1,0,0,1020.0,1070.0,,22,35,0.6285714285714286
861,,2,ECON,137A,L&S,,4.0,0,1,0,0,1,0,0,960.0,1010.0,GIRV,35,35,1.0
862,,2,ECON,137A,L&S,,4.0,0,1,0,1,0,1,0,570.0,645.0,GIRV,13,70,0.18571428571428572
863,,2,ECON,137A,L&S,,4.0,0,1,0,0,1,0,0,480.0,530.0,PHELP,6,35,0.17142857142857143
864,,2,ECON,137A,L&S,,4.0,0,1,0,0,1,0,0,540.0,590.0,PHELP,7,35,0.2
865,,2,ECON,137B,L&S,,4.0,0,1,1,0,1,0,0,750.0,825.0,NH,70,70,1.0
866,,2,ECON,137BH,L&S,,1.0,1,0,1,0,0,0,0,840.0,890.0,GIRV,0,40,0.0
867,,2,ECON,138A,L&S,,4.0,0,1,1,0,1,0,0,1020.0,1095.0,PSYCH,114,120,0.95
868,,2,ECON,138B,L&S,,4.0,0,1,1,0,1,0,0,1110.0,1185.0,PSYCH,34,120,0.2833333333333333
869,,2,ECON,139,L&S,,4.0,0,1,1,0,1,0,0,660.0,735.0,NH,38,72,0.5277777777777778
870,,2,ECON,140A,L&S,,4.0,0,1,1,0,1,0,0,570.0,645.0,EMBARHALL,229,250,0.916
871,,2,ECON,140A,L&S,,4.0,0,1,0,0,0,1,0,1020.0,1070.0,GIRV,25,25,1.0
872,,2,ECON,140A,L&S,,4.0,0,1,0,0,0,1,0,1020.0,1070.0,GIRV,25,25,1.0
873,,2,ECON,140A,L&S,,4.0,0,1,0,0,1,0,0,1080.0,1130.0,HSSB,25,25,1.0
874,,2,ECON,140A,L&S,,4.0,0,1,0,0,0,1,0,1080.0,1130.0,NH,18,25,0.72
875,,2,ECON,140A,L&S,,4.0,0,1,0,0,1,0,0,1020.0,1070.0,HSSB,25,25,1.0
876,,2,ECON,140A,L&S,,4.0,0,1,0,0,1,0,0,1080.0,1130.0,HSSB,23,25,0.92
877,,2,ECON,140A,L&S,,4.0,0,1,0,0,0,0,1,540.0,590.0,HSSB,21,25,0.84
878,,2,ECON,140A,L&S,,4.0,0,1,0,0,0,0,1,600.0,650.0,HSSB,25,25,1.0
879,,2,ECON,140A,L&S,,4.0,0,1,0,0,0,1,0,1080.0,1130.0,GIRV,20,25,0.8
880,,2,ECON,140A,L&S,,4.0,0,1,0,0,0,1,0,1140.0,1190.0,HSSB,22,25,0.88
881,,2,ECON,171,L&S,,4.0,0,1,0,1,0,1,0,840.0,915.0,NH,72,72,1.0
882,,2,ECON,174,L&S,,4.0,0,1,0,1,0,1,0,660.0,735.0,HSSB,41,40,1.025
883,,2,ECON,176,L&S,,4.0,0,1,0,1,0,1,0,570.0,645.0,PHELP,30,30,1.0
884,,2,ECON,189,L&S,,4.0,0,1,0,1,0,1,0,1020.0,1095.0,HSSB,48,72,0.6666666666666666
885,,2,ECON,189H,L&S,,1.0,1,0,0,0,0,1,0,1110.0,1185.0,HSSB,0,35,0.0
886,,2,ENGR,3,ENGR,,3.0,0,1,0,1,0,1,0,930.0,1005.0,NH,104,104,1.0
887,,2,ENGR,3,ENGR,,3.0,0,1,0,1,0,0,0,600.0,650.0,ESB,20,20,1.0
888,,2,ENGR,3,ENGR,,3.0,0,1,0,1,0,0,0,780.0,830.0,ESB,20,20,1.0
889,,2,ENGR,3,ENGR,,3.0,0,1,0,0,1,0,0,600.0,650.0,ESB,17,17,1.0
890,,2,ENGR,3,ENGR,,3.0,0,1,0,0,1,0,0,840.0,890.0,ESB,16,16,1.0
891,,2,ENGR,3,ENGR,,3.0,0,1,0,0,1,0,0,960.0,1010.0,ESB,16,16,1.0
892,,2,ENGR,3,ENGR,,3.0,0,1,0,0,1,0,0,1020.0,1070.0,ESB,15,15,1.0
893,,2,ENGR,101,ENGR,,3.0,0,1,1,0,1,0,0,930.0,1005.0,PHELP,42,42,1.0
894,,2,ENGR,101,ENGR,,3.0,0,1,1,0,1,0,0,1020.0,1095.0,PHELP,36,42,0.8571428571428571
895,,2,ENGR,195C,ENGR,,1.0,0,1,0,0,0,0,1,780.0,830.0,PHELP,17,70,0.24285714285714285
896,,2,ENGR,199,ENGR,1.0,5.0,1,1,0,0,0,0,0,,,nan,0,20,0.0
897,,2,CMPSC,8,ENGR,,4.0,0,1,0,1,0,1,0,930.0,1005.0,CHEM,105,105,1.0
898,,2,CMPSC,8,ENGR,,4.0,0,1,1,0,0,0,0,480.0,530.0,PHELP,26,26,1.0
899,,2,CMPSC,8,ENGR,,4.0,0,1,1,0,0,0,0,540.0,590.0,PHELP,26,26,1.0
900,,2,CMPSC,8,ENGR,,4.0,0,1,1,0,0,0,0,600.0,650.0,PHELP,26,26,1.0
901,,2,CMPSC,8,ENGR,,4.0,0,1,1,0,0,0,0,660.0,710.0,PHELP,27,27,1.0
902,,2,CMPSC,16,ENGR,,4.0,0,1,0,1,0,1,0,840.0,915.0,CHEM,81,105,0.7714285714285715
903,,2,CMPSC,16,ENGR,,4.0,0,1,0,0,1,0,0,480.0,530.0,PHELP,8,26,0.3076923076923077
904,,2,CMPSC,16,ENGR,,4.0,0,1,0,0,1,0,0,540.0,590.0,PHELP,20,26,0.7692307692307693
905,,2,CMPSC,16,ENGR,,4.0,0,1,0,0,1,0,0,600.0,650.0,PHELP,27,27,1.0
906,,2,CMPSC,16,ENGR,,4.0,0,1,0,0,1,0,0,660.0,710.0,PHELP,26,26,1.0
907,,2,CMPSC,16,ENGR,,4.0,0,1,1,0,1,0,0,840.0,915.0,CHEM,106,105,1.0095238095238095
908,,2,CMPSC,16,ENGR,,4.0,0,1,0,1,0,0,0,660.0,710.0,PHELP,27,26,1.0384615384615385
909,,2,CMPSC,16,ENGR,,4.0,0,1,0,1,0,0,0,720.0,770.0,PHELP,26,26,1.0
910,,2,CMPSC,16,ENGR,,4.0,0,1,0,1,0,0,0,780.0,830.0,PHELP,26,26,1.0
911,,2,CMPSC,16,ENGR,,4.0,0,1,0,1,0,0,0,840.0,890.0,PHELP,27,27,1.0
912,,2,CMPSC,24,ENGR,,4.0,0,1,1,0,1,0,0,570.0,645.0,CHEM,97,104,0.9326923076923077
913,,2,CMPSC,24,ENGR,,4.0,0,1,0,1,0,0,0,900.0,950.0,PHELP,26,26,1.0
914,,2,CMPSC,24,ENGR,,4.0,0,1,0,1,0,0,0,960.0,1010.0,PHELP,26,26,1.0
915,,2,CMPSC,24,ENGR,,4.0,0,1,0,1,0,0,0,1020.0,1070.0,PHELP,26,26,1.0
916,,2,CMPSC,24,ENGR,,4.0,0,1,0,1,0,0,0,1080.0,1130.0,PHELP,19,26,0.7307692307692307
917,,2,CMPSC,32,ENGR,,4.0,0,1,0,1,0,1,0,750.0,825.0,CHEM,105,105,1.0
918,,2,CMPSC,32,ENGR,,4.0,0,1,0,0,1,0,0,720.0,770.0,PHELP,26,26,1.0
919,,2,CMPSC,32,ENGR,,4.0,0,1,0,0,1,0,0,780.0,830.0,PHELP,26,26,1.0
920,,2,CMPSC,32,ENGR,,4.0,0,1,0,0,1,0,0,840.0,890.0,PHELP,26,26,1.0
921,,2,CMPSC,32,ENGR,,4.0,0,1,0,0,1,0,0,900.0,950.0,PHELP,27,27,1.0
922,,2,CMPSC,40,ENGR,,5.0,0,1,0,1,0,1,0,570.0,645.0,PSYCH,44,75,0.5866666666666667
923,,2,CMPSC,40,ENGR,,5.0,0,1,0,0,0,0,1,540.0,590.0,GIRV,16,38,0.42105263157894735
924,,2,CMPSC,40,ENGR,,5.0,0,1,0,0,0,0,1,600.0,650.0,GIRV,28,37,0.7567567567567568
925,,2,CMPSC,48,ENGR,,4.0,0,1,1,0,1,0,0,750.0,825.0,PSYCH,66,75,0.88
926,,2,CMPSC,48,ENGR,,4.0,0,1,0,0,0,0,1,660.0,710.0,GIRV,30,38,0.7894736842105263
927,,2,CMPSC,48,ENGR,,4.0,0,1,0,0,0,0,1,720.0,770.0,GIRV,36,37,0.972972972972973
928,,2,CMPSC,64,ENGR,,4.0,0,1,0,1,0,1,0,660.0,735.0,PSYCH,75,75,1.0
929,,2,CMPSC,64,ENGR,,4.0,0,1,1,0,0,0,0,840.0,890.0,PHELP,25,25,1.0
930,,2,CMPSC,64,ENGR,,4.0,0,1,1,0,0,0,0,900.0,950.0,PHELP,25,25,1.0
931,,2,CMPSC,64,ENGR,,4.0,0,1,1,0,0,0,0,960.0,1010.0,PHELP,25,25,1.0
932,,2,CMPSC,99,ENGR,1.0,4.0,1,0,0,0,0,0,0,,,nan,0,0,
933,,2,CMPSC,130A,ENGR,,4.0,0,1,0,1,0,1,0,570.0,645.0,SH,76,90,0.8444444444444444
934,,2,CMPSC,130A,ENGR,,4.0,0,1,0,0,0,0,1,600.0,650.0,,39,46,0.8478260869565217
935,,2,CMPSC,130A,ENGR,,4.0,0,1,0,0,0,0,1,660.0,710.0,,37,44,0.8409090909090909
936,,2,CMPSC,130B,ENGR,,4.0,0,1,0,1,0,1,0,570.0,645.0,CHEM,105,105,1.0
937,,2,CMPSC,130B,ENGR,,4.0,0,1,0,0,0,0,1,660.0,710.0,PHELP,35,35,1.0
938,,2,CMPSC,130B,ENGR,,4.0,0,1,0,0,0,0,1,720.0,770.0,PHELP,35,35,1.0
939,,2,CMPSC,130B,ENGR,,4.0,0,1,0,0,0,0,1,780.0,830.0,PHELP,35,35,1.0
940,,2,CMPSC,138,ENGR,,4.0,0,1,1,0,1,0,0,840.0,915.0,SH,75,75,1.0
941,,2,CMPSC,138,ENGR,,4.0,0,1,0,0,0,0,1,540.0,590.0,PHELP,35,35,1.0
942,,2,CMPSC,138,ENGR,,4.0,0,1,0,0,0,0,1,600.0,650.0,GIRV,40,40,1.0
943,,2,CMPSC,154,ENGR,,4.0,0,1,1,0,1,0,0,750.0,825.0,BRDA,75,80,0.9375
944,,2,CMPSC,154,ENGR,,4.0,0,1,0,0,0,1,0,900.0,950.0,PHELP,28,30,0.9333333333333333
945,,2,CMPSC,154,ENGR,,4.0,0,1,0,0,0,1,0,960.0,1010.0,PHELP,27,30,0.9
946,,2,CMPSC,154,ENGR,,4.0,0,1,0,0,0,1,0,1020.0,1070.0,PHELP,20,20,1.0
947,,2,CMPSC,160,ENGR,,4.0,0,1,1,0,1,0,0,840.0,915.0,PHELP,55,90,0.6111111111111112
948,,2,CMPSC,160,ENGR,,4.0,0,1,0,1,0,0,0,1020.0,1130.0,PHELP,45,90,0.5
949,,2,CMPSC,160,ENGR,,4.0,0,1,0,1,0,0,0,1080.0,1130.0,GIRV,10,45,0.2222222222222222
950,,2,CMPSC,165B,ENGR,,4.0,0,1,0,1,0,1,0,660.0,735.0,CHEM,105,105,1.0
951,,2,CMPSC,165B,ENGR,,4.0,0,1,0,1,0,0,0,960.0,1010.0,GIRV,37,35,1.0571428571428572
952,,2,CMPSC,165B,ENGR,,4.0,0,1,0,1,0,0,0,1020.0,1070.0,PHELP,35,35,1.0
953,,2,CMPSC,165B,ENGR,,4.0,0,1,0,1,0,0,0,1080.0,1130.0,PHELP,33,35,0.9428571428571428
954,,2,CMPSC,170,ENGR,,4.0,0,1,0,1,0,1,0,840.0,915.0,SH,80,80,1.0
955,,2,CMPSC,170,ENGR,,4.0,0,1,0,0,0,1,0,1020.0,1070.0,GIRV,40,40,1.0
956,,2,CMPSC,170,ENGR,,4.0,0,1,0,0,0,1,0,1080.0,1130.0,GIRV,40,40,1.0
957,,2,CMPSC,171,ENGR,,4.0,0,1,1,0,1,0,0,660.0,735.0,HSSB,80,80,1.0
958,,2,CMPSC,171,ENGR,,4.0,0,1,0,0,0,0,1,600.0,650.0,,40,40,1.0
959,,2,CMPSC,171,ENGR,,4.0,0,1,0,0,0,0,1,660.0,710.0,,40,40,1.0
960,,2,CMPSC,176A,ENGR,,4.0,0,1,0,1,0,1,0,750.0,825.0,WEBB,80,80,1.0
961,,2,CMPSC,176A,ENGR,,4.0,0,1,0,0,1,0,0,1020.0,1070.0,GIRV,40,40,1.0
962,,2,CMPSC,176A,ENGR,,4.0,0,1,0,0,1,0,0,1080.0,1130.0,GIRV,40,40,1.0
963,,2,CMPSC,178,ENGR,,4.0,0,1,1,0,1,0,0,570.0,645.0,PHELP,60,60,1.0
964,,2,CMPSC,178,ENGR,,4.0,0,1,0,0,0,0,1,540.0,590.0,PHELP,30,30,1.0
965,,2,CMPSC,178,ENGR,,4.0,0,1,0,0,0,0,1,540.0,590.0,PHELP,30,30,1.0
966,,2,CMPSC,185,ENGR,,4.0,0,1,0,1,0,1,0,540.0,650.0,PHELP,25,25,1.0
967,,2,CMPSC,190J,ENGR,,4.0,0,1,0,0,0,1,0,570.0,645.0,HFH,0,20,0.0
968,,2,CMPSC,190J,ENGR,,4.0,0,1,1,0,0,0,0,540.0,710.0,PHELP,0,5,0.0
969,,2,CMPSC,190J,ENGR,,4.0,0,1,0,1,0,0,0,780.0,950.0,PHELP,0,5,0.0
970,,2,CMPSC,190J,ENGR,,4.0,0,1,0,1,0,0,0,840.0,1010.0,PHELP,0,5,0.0
971,,2,CMPSC,190J,ENGR,,4.0,0,1,0,0,1,0,0,720.0,890.0,PHELP,0,5,0.0
972,,2,CMPSC,192,ENGR,1.0,5.0,0,1,0,0,0,0,0,,,nan,0,20,0.0
973,,2,CMPSC,193,ENGR,1.0,4.0,1,0,0,0,0,0,0,,,nan,0,5,0.0
974,,2,CMPSC,196,ENGR,2.0,4.0,1,1,0,0,0,0,0,,,nan,0,10,0.0
975,,2,CMPSC,199,ENGR,1.0,5.0,1,0,0,0,0,0,0,,,nan,0,5,0.0
976,,2,CLASS,20B,L&S,,4.0,1,1,0,1,0,1,0,660.0,735.0,NH,126,125,1.008
977,,2,CLASS,40,L&S,,4.0,1,1,1,0,1,0,1,660.0,710.0,CAMPBHALL,700,700,1.0
978,,2,CLASS,40,L&S,,4.0,1,1,0,0,0,0,1,600.0,650.0,GIRV,27,27,1.0
979,,2,CLASS,40,L&S,,4.0,1,1,0,0,0,0,1,480.0,530.0,GIRV,27,27,1.0
980,,2,CLASS,40,L&S,,4.0,1,1,0,0,1,0,0,1080.0,1130.0,PHELP,27,27,1.0
981,,2,CLASS,40,L&S,,4.0,1,1,0,1,0,0,0,540.0,590.0,GIRV,27,27,1.0
982,,2,CLASS,40,L&S,,4.0,1,1,0,0,1,0,0,480.0,530.0,PHELP,27,27,1.0
983,,2,CLASS,40,L&S,,4.0,1,1,0,0,0,1,0,480.0,530.0,PHELP,27,27,1.0
984,,2,CLASS,40,L&S,,4.0,1,1,0,0,0,1,0,1080.0,1130.0,PHELP,27,27,1.0
985,,2,CLASS,40,L&S,,4.0,1,1,0,0,0,1,0,480.0,530.0,PHELP,27,27,1.0
986,,2,CLASS,40,L&S,,4.0,1,1,0,0,0,1,0,1020.0,1070.0,GIRV,27,27,1.0
987,,2,CLASS,40,L&S,,4.0,1,1,0,0,1,0,0,1020.0,1070.0,PHELP,27,27,1.0
988,,2,CLASS,40,L&S,,4.0,1,1,0,0,0,0,1,780.0,830.0,GIRV,27,27,1.0
989,,2,CLASS,40,L&S,,4.0,1,1,0,1,0,0,0,480.0,530.0,PHELP,27,27,1.0
990,,2,CLASS,40,L&S,,4.0,1,1,0,0,0,1,0,480.0,530.0,PHELP,27,27,1.0
991,,2,CLASS,40,L&S,,4.0,1,1,0,0,1,0,0,480.0,530.0,PHELP,27,27,1.0
992,,2,CLASS,40,L&S,,4.0,1,1,0,0,1,0,0,1020.0,1070.0,PHELP,27,27,1.0
993,,2,CLASS,40,L&S,,4.0,1,1,0,1,0,0,0,480.0,530.0,GIRV,27,27,1.0
994,,2,CLASS,40,L&S,,4.0,1,1,0,0,0,0,1,480.0,530.0,HSSB,26,26,1.0
995,,2,CLASS,40,L&S,,4.0,1,1,0,1,0,0,0,1080.0,1130.0,PHELP,27,27,1.0
996,,2,CLASS,40,L&S,,4.0,1,1,0,1,0,0,0,660.0,710.0,GIRV,27,27,1.0
997,,2,CLASS,40,L&S,,4.0,1,1,0,0,0,1,0,1080.0,1130.0,GIRV,27,27,1.0
998,,2,CLASS,40,L&S,,4.0,1,1,0,0,1,0,0,480.0,530.0,GIRV,27,27,1.0
999,,2,CLASS,40,L&S,,4.0,1,1,0,0,1,0,0,960.0,1010.0,NH,27,27,1.0
1000,,2,CLASS,40,L&S,,4.0,1,1,0,0,0,1,0,960.0,1010.0,PHELP,27,27,1.0
1001,,2,CLASS,40,L&S,,4.0,1,1,0,0,0,1,0,480.0,530.0,GIRV,27,27,1.0
1002,,2,CLASS,40,L&S,,4.0,1,1,0,1,0,0,0,1020.0,1070.0,HSSB,26,26,1.0
1003,,2,CLASS,40,L&S,,4.0,1,1,0,1,0,0,0,900.0,950.0,PHELP,27,27,1.0
1004,,2,CLASS,60,L&S,,4.0,1,1,1,0,1,0,0,840.0,915.0,TD-W,132,132,1.0
1005,,2,CLASS,140,L&S,,4.0,1,1,1,0,1,0,0,750.0,825.0,GIRV,40,40,1.0
1006,,2,CLASS,170,L&S,,4.0,1,1,1,0,1,0,0,930.0,1005.0,GIRV,36,35,1.0285714285714285
1007,,2,CLASS,171,L&S,,4.0,1,1,0,1,0,1,0,930.0,1005.0,HSSB,97,95,1.0210526315789474
1008,,2,CLASS,185,L&S,,4.0,1,1,0,1,0,1,0,930.0,1005.0,HSSB,6,24,0.25
1009,,2,CLASS,195B,L&S,,4.0,0,1,0,0,0,0,0,,,nan,0,5,0.0
1010,,2,CLASS,198,L&S,1.0,4.0,1,1,0,0,0,0,0,,,nan,0,5,0.0
1011,,2,CLASS,199,L&S,1.0,5.0,1,1,0,0,0,0,0,,,nan,0,5,0.0
1012,,2,CLASS,199RA,L&S,1.0,5.0,1,1,0,0,0,0,0,,,nan,0,10,0.0
1013,,2,CMPTGCS,10,CRST,1.0,6.0,1,0,1,0,1,0,0,660.0,735.0,CRST,6,20,0.3
1014,,2,CMPTGCS,10,CRST,1.0,6.0,1,0,0,0,1,0,0,960.0,1070.0,CRST,13,10,1.3
1015,,2,CMPTGCS,20,CRST,1.0,6.0,1,0,0,1,0,1,0,750.0,860.0,CRST,18,18,1.0
1016,,2,CMPTGCS,130G,CRST,1.0,6.0,1,0,1,0,1,0,0,1080.0,1155.0,CRST,8,20,0.4
1017,,2,CMPTGCS,130H,CRST,1.0,6.0,1,0,1,0,1,0,0,750.0,825.0,CRST,13,12,1.0833333333333333
1018,,2,CHIN,3,L&S,,5.0,1,1,1,1,1,1,1,600.0,650.0,GIRV,17,17,1.0
1019,,2,CHIN,3,L&S,,5.0,1,1,1,1,1,1,1,660.0,710.0,NH,17,17,1.0
1020,,2,CHIN,3,L&S,,5.0,1,1,1,1,1,1,1,780.0,830.0,PHELP,17,17,1.0
1021,,2,CHIN,3,L&S,,5.0,1,1,1,1,1,1,1,720.0,770.0,PHELP,8,17,0.47058823529411764
1022,,2,CHIN,3,L&S,,5.0,1,1,1,1,1,1,1,540.0,590.0,HSSB,0,17,0.0
1023,,2,CHIN,3NH,L&S,,4.0,1,1,1,1,1,1,0,600.0,650.0,HSSB,16,25,0.64
1024,,2,CHIN,6,L&S,,5.0,1,1,1,1,1,1,1,600.0,650.0,PHELP,17,25,0.68
1025,,2,CHIN,6,L&S,,5.0,1,1,1,1,1,1,1,660.0,710.0,PHELP,16,25,0.64
1026,,2,CHIN,26,L&S,,4.0,0,1,1,0,1,0,0,570.0,645.0,PSYCH,120,120,1.0
1027,,2,CHIN,26,L&S,,4.0,0,1,0,1,0,0,0,600.0,650.0,GIRV,15,15,1.0
1028,,2,CHIN,26,L&S,,4.0,0,1,0,1,0,0,0,960.0,1010.0,GIRV,15,15,1.0
1029,,2,CHIN,26,L&S,,4.0,0,1,0,1,0,0,0,1020.0,1070.0,GIRV,15,15,1.0
1030,,2,CHIN,26,L&S,,4.0,0,1,0,0,0,1,0,600.0,650.0,GIRV,15,15,1.0
1031,,2,CHIN,26,L&S,,4.0,0,1,0,0,0,1,0,720.0,770.0,HSSB,15,15,1.0
1032,,2,CHIN,26,L&S,,4.0,0,1,0,0,0,1,0,780.0,830.0,HSSB,15,15,1.0
1033,,2,CHIN,26,L&S,,4.0,0,1,0,0,0,0,1,600.0,650.0,HSSB,15,15,1.0
1034,,2,CHIN,26,L&S,,4.0,0,1,0,0,0,0,1,660.0,710.0,HSSB,15,15,1.0
1035,,2,CHIN,101B,L&S,,4.0,0,1,0,1,0,1,0,840.0,915.0,GIRV,19,30,0.6333333333333333
1036,,2,CHIN,122C,L&S,,4.0,1,1,1,1,1,1,0,660.0,710.0,GIRV,6,25,0.24
1037,,2,CHIN,124A,L&S,,4.0,1,1,1,0,1,0,0,750.0,825.0,HSSB,27,25,1.08
1038,,2,CHIN,139,L&S,,4.0,1,1,0,1,0,1,0,750.0,825.0,PHELP,35,35,1.0
1039,,2,CHIN,143,L&S,,4.0,1,1,0,1,0,1,0,930.0,1005.0,TD-W,60,60,1.0
1040,,2,CHIN,144,L&S,,4.0,1,1,0,0,0,0,0,,,nan,0,60,0.0
1041,,2,CHIN,180CQ,L&S,,4.0,1,1,0,1,0,1,0,750.0,825.0,PHELP,0,60,0.0
1042,,2,CHIN,185B,L&S,,4.0,0,1,1,0,1,0,0,1020.0,1095.0,GIRV,21,21,1.0
1043,,2,CHIN,197,L&S,4.0,8.0,1,1,0,0,0,0,0,,,nan,0,5,0.0
1044,,2,CHIN,198,L&S,1.0,4.0,1,1,0,0,0,0,0,,,nan,0,15,0.0
1045,,2,CHIN,199,L&S,1.0,5.0,1,1,0,0,0,0,0,,,nan,0,5,0.0
1046,,2,CMPTGCS,10,CRST,1.0,6.0,1,0,1,0,1,0,0,660.0,735.0,CRST,6,20,0.3
1047,,2,CMPTGCS,10,CRST,1.0,6.0,1,0,0,0,1,0,0,960.0,1070.0,CRST,13,10,1.3
1048,,2,CMPTGCS,20,CRST,1.0,6.0,1,0,0,1,0,1,0,750.0,860.0,CRST,18,18,1.0
1049,,2,CMPTGCS,130G,CRST,1.0,6.0,1,0,1,0,1,0,0,1080.0,1155.0,CRST,8,20,0.4
1050,,2,CMPTGCS,130H,CRST,1.0,6.0,1,0,1,0,1,0,0,750.0,825.0,CRST,13,12,1.0833333333333333
1051,,2,EARTH,2,L&S,,4.0,1,1,1,0,1,0,0,570.0,645.0,GIRV,188,188,1.0
1052,,2,EARTH,2,L&S,,4.0,1,1,0,1,0,0,0,540.0,650.0,PSB-S,24,24,1.0
1053,,2,EARTH,2,L&S,,4.0,1,1,0,1,0,0,0,660.0,770.0,PSB-S,24,24,1.0
1054,,2,EARTH,2,L&S,,4.0,1,1,0,1,0,0,0,840.0,950.0,PSB-S,24,24,1.0
1055,,2,EARTH,2,L&S,,4.0,1,1,0,1,0,0,0,960.0,1070.0,PSB-S,24,24,1.0
1056,,2,EARTH,2,L&S,,4.0,1,1,0,0,1,0,0,840.0,950.0,PSB-S,23,23,1.0
1057,,2,EARTH,2,L&S,,4.0,1,1,0,0,1,0,0,960.0,1070.0,PSB-S,23,23,1.0
1058,,2,EARTH,2,L&S,,4.0,1,1,0,0,0,1,0,540.0,650.0,PSB-S,23,23,1.0
1059,,2,EARTH,2,L&S,,4.0,1,1,0,0,0,1,0,1020.0,1130.0,PSB-S,23,23,1.0
1060,,2,EARTH,3,L&S,,4.0,1,1,0,1,0,1,0,570.0,645.0,PSB-S,50,50,1.0
1061,,2,EARTH,3,L&S,,4.0,1,1,0,1,0,0,0,780.0,890.0,PSB-S,25,25,1.0
1062,,2,EARTH,3,L&S,,4.0,1,1,0,0,1,0,0,660.0,770.0,PSB-S,25,25,1.0
1063,,2,EARTH,4,L&S,,4.0,1,1,1,0,1,0,0,660.0,735.0,BUCHN,245,297,0.8249158249158249
1064,,2,EARTH,4,L&S,,4.0,1,1,0,1,0,0,0,1020.0,1070.0,PSB-S,27,27,1.0
1065,,2,EARTH,4,L&S,,4.0,1,1,0,1,0,0,0,1080.0,1130.0,PSB-S,27,27,1.0
1066,,2,EARTH,4,L&S,,4.0,1,1,0,1,0,0,0,1140.0,1190.0,PSB-S,27,27,1.0
1067,,2,EARTH,4,L&S,,4.0,1,1,0,0,1,0,0,900.0,950.0,PSB-S,27,27,1.0
1068,,2,EARTH,4,L&S,,4.0,1,1,0,0,1,0,0,960.0,1010.0,PSB-S,27,27,1.0
1069,,2,EARTH,4,L&S,,4.0,1,1,0,0,0,0,1,540.0,590.0,PSB-S,12,27,0.4444444444444444
1070,,2,EARTH,4,L&S,,4.0,1,1,0,0,0,0,1,600.0,650.0,PSB-S,10,27,0.37037037037037035
1071,,2,EARTH,4,L&S,,4.0,1,1,0,0,0,0,1,660.0,710.0,PSB-S,7,27,0.25925925925925924
1072,,2,EARTH,4,L&S,,4.0,1,1,0,1,0,0,0,900.0,950.0,PSB-S,27,27,1.0
1073,,2,EARTH,4,L&S,,4.0,1,1,0,1,0,0,0,960.0,1010.0,PSB-S,27,27,1.0
1074,,2,EARTH,4,L&S,,4.0,1,1,0,0,1,0,0,840.0,890.0,PSB-S,27,27,1.0
1075,,2,EARTH,7,L&S,,4.0,1,1,0,1,0,1,0,930.0,1005.0,CHEM,216,216,1.0
1076,,2,EARTH,7,L&S,,4.0,1,1,0,1,0,0,0,540.0,590.0,PSB-S,27,27,1.0
1077,,2,EARTH,7,L&S,,4.0,1,1,0,1,0,0,0,1080.0,1130.0,PSB-S,27,27,1.0
1078,,2,EARTH,7,L&S,,4.0,1,1,0,0,1,0,0,840.0,890.0,PSB-S,27,27,1.0
1079,,2,EARTH,7,L&S,,4.0,1,1,0,0,1,0,0,900.0,950.0,PSB-S,27,27,1.0
1080,,2,EARTH,7,L&S,,4.0,1,1,0,0,1,0,0,1020.0,1070.0,PSB-S,27,27,1.0
1081,,2,EARTH,7,L&S,,4.0,1,1,0,0,1,0,0,1080.0,1130.0,PSB-S,27,27,1.0
1082,,2,EARTH,7,L&S,,4.0,1,1,0,0,0,1,0,540.0,590.0,PSB-S,27,27,1.0
1083,,2,EARTH,7,L&S,,4.0,1,1,0,0,0,1,0,600.0,650.0,PSB-S,27,27,1.0
1084,,2,EARTH,7,L&S,,4.0,1,1,0,0,0,0,1,540.0,590.0,PSB-S,0,25,0.0
1085,,2,EARTH,7,L&S,,4.0,1,1,0,0,0,0,1,600.0,650.0,PSB-S,0,25,0.0
1086,,2,EARTH,7,L&S,,4.0,1,1,0,0,0,0,1,660.0,710.0,PSB-S,0,25,0.0
1087,,2,EARTH,10,L&S,,4.0,0,1,1,0,1,0,0,930.0,1005.0,HFH,148,162,0.9135802469135802
1088,,2,EARTH,10,L&S,,4.0,0,1,0,0,1,0,0,540.0,590.0,PSB-S,26,27,0.9629629629629629
1089,,2,EARTH,10,L&S,,4.0,0,1,0,0,1,0,0,600.0,650.0,PSB-S,26,27,0.9629629629629629
1090,,2,EARTH,10,L&S,,4.0,0,1,0,0,0,1,0,720.0,770.0,PSB-S,27,27,1.0
1091,,2,EARTH,10,L&S,,4.0,0,1,0,0,0,1,0,780.0,830.0,PSB-S,26,27,0.9629629629629629
1092,,2,EARTH,10,L&S,,4.0,0,1,0,0,0,0,1,540.0,590.0,PSB-S,16,27,0.5925925925925926
1093,,2,EARTH,10,L&S,,4.0,0,1,0,0,0,0,1,600.0,650.0,PSB-S,27,27,1.0
1094,,2,EARTH,20,L&S,,4.0,1,1,0,1,0,1,0,570.0,645.0,CHEM,251,286,0.8776223776223776
1095,,2,EARTH,20,L&S,,4.0,1,1,0,0,1,0,0,720.0,770.0,WEBB,25,26,0.9615384615384616
1096,,2,EARTH,20,L&S,,4.0,1,1,0,1,0,0,0,840.0,890.0,WEBB,25,26,0.9615384615384616
1097,,2,EARTH,20,L&S,,4.0,1,1,0,1,0,0,0,1020.0,1070.0,WEBB,25,26,0.9615384615384616
1098,,2,EARTH,20,L&S,,4.0,1,1,0,1,0,0,0,1080.0,1130.0,WEBB,19,26,0.7307692307692307
1099,,2,EARTH,20,L&S,,4.0,1,1,0,0,1,0,0,540.0,590.0,WEBB,26,26,1.0
1100,,2,EARTH,20,L&S,,4.0,1,1,0,0,1,0,0,600.0,650.0,WEBB,26,26,1.0
1101,,2,EARTH,20,L&S,,4.0,1,1,0,0,1,0,0,660.0,710.0,WEBB,26,26,1.0
1102,,2,EARTH,20,L&S,,4.0,1,1,0,0,1,0,0,780.0,830.0,WEBB,26,26,1.0
1103,,2,EARTH,20,L&S,,4.0,1,1,0,0,1,0,0,1020.0,1070.0,WEBB,25,26,0.9615384615384616
1104,,2,EARTH,20,L&S,,4.0,1,1,0,0,0,1,0,1020.0,1070.0,WEBB,22,26,0.8461538461538461
1105,,2,EARTH,20,L&S,,4.0,1,1,0,0,0,1,0,1080.0,1130.0,WEBB,6,26,0.23076923076923078
1106,,2,EARTH,98,L&S,1.0,3.0,1,0,0,0,0,0,0,,,nan,0,10,0.0
1107,,2,EARTH,99,L&S,1.0,4.0,1,1,0,0,0,0,0,,,nan,0,15,0.0
1108,,2,EARTH,104A,L&S,,4.0,1,1,0,1,0,1,0,480.0,555.0,PSB-S,27,30,0.9
1109,,2,EARTH,104A,L&S,,4.0,1,1,0,0,0,0,1,780.0,1010.0,PSB-S,27,30,0.9
1110,,2,EARTH,113,L&S,,4.0,1,1,1,0,1,0,0,750.0,825.0,PSB-S,25,25,1.0
1111,,2,EARTH,114,L&S,,4.0,0,1,0,1,0,1,0,750.0,825.0,PSB-S,36,44,0.8181818181818182
1112,,2,EARTH,114,L&S,,4.0,0,1,0,1,0,0,0,1020.0,1190.0,PSB-S,21,22,0.9545454545454546
1113,,2,EARTH,114,L&S,,4.0,0,1,0,0,0,1,0,1020.0,1190.0,PSB-S,15,22,0.6818181818181818
1114,,2,EARTH,124IG,L&S,,4.0,1,1,1,0,1,0,0,840.0,915.0,WEBB,14,20,0.7
1115,,2,EARTH,124IG,L&S,,4.0,1,1,0,0,0,1,0,840.0,890.0,WEBB,14,20,0.7
1116,,2,EARTH,126,L&S,,4.0,0,1,1,0,1,0,0,570.0,645.0,PSB-S,9,20,0.45
1117,,2,EARTH,126,L&S,,4.0,0,1,1,0,0,0,0,660.0,710.0,PSB-S,9,20,0.45
1118,,2,EARTH,136,L&S,,5.0,1,1,1,0,1,0,0,930.0,1005.0,WEBB,10,30,0.3333333333333333
1119,,2,EARTH,136,L&S,,5.0,1,1,0,0,0,0,1,660.0,830.0,WEBB,10,30,0.3333333333333333
1120,,2,EARTH,141,L&S,,4.0,1,1,0,1,0,1,0,930.0,1005.0,PSB-S,15,15,1.0
1121,,2,EARTH,141L,L&S,,1.0,1,1,0,0,0,0,1,780.0,950.0,PSB-S,3,16,0.1875
1122,,2,EARTH,143,L&S,,4.0,1,1,0,1,0,1,0,660.0,735.0,PSB-S,16,16,1.0
1123,,2,EARTH,143,L&S,,4.0,1,1,0,0,1,0,0,960.0,1010.0,PSB-S,16,16,1.0
1124,,2,EARTH,149,L&S,,4.0,1,1,1,0,1,0,0,480.0,555.0,PSB-S,25,25,1.0
1125,,2,EARTH,149,L&S,,4.0,1,1,0,1,0,0,0,600.0,650.0,PSB-S,25,25,1.0
1126,,2,EARTH,160,L&S,,1.0,1,0,0,0,0,1,0,930.0,1005.0,WEBB,44,42,1.0476190476190477
1127,,2,EARTH,164B,L&S,,4.0,0,1,0,1,0,1,0,750.0,825.0,WEBB,33,30,1.1
1128,,2,EARTH,164B,L&S,,4.0,0,1,0,0,0,0,1,720.0,770.0,WEBB,33,30,1.1
1129,,2,EARTH,168,L&S,,4.0,1,1,0,1,0,1,0,660.0,735.0,PSB-S,29,30,0.9666666666666667
1130,,2,EARTH,168,L&S,,4.0,1,1,0,1,0,0,0,840.0,890.0,PSB-S,15,14,1.0714285714285714
1131,,2,EARTH,168,L&S,,4.0,1,1,0,0,1,0,0,1020.0,1070.0,PSB-S,14,14,1.0
1132,,2,EARTH,176,L&S,,4.0,1,1,1,0,1,0,0,960.0,1100.0,PHELP,22,25,0.88
1133,,2,EARTH,177,L&S,,4.0,1,1,0,1,0,1,0,570.0,645.0,WEBB,20,20,1.0
1134,,2,EARTH,177,L&S,,4.0,1,1,0,0,1,0,0,1020.0,1190.0,PSB-S,20,20,1.0
1135,,2,EARTH,187,L&S,1.0,5.0,1,1,0,0,0,0,0,,,nan,0,10,0.0
1136,,2,EARTH,190,L&S,1.0,4.0,1,1,0,0,0,0,0,,,nan,0,15,0.0
1137,,2,EARTH,192,L&S,1.0,4.0,1,0,0,0,0,0,0,,,nan,0,5,0.0
1138,,2,EARTH,195H,L&S,1.0,8.0,1,0,0,0,0,0,0,,,nan,0,1,0.0
1139,,2,EARTH,196HA,L&S,,4.0,0,1,0,0,0,0,0,,,nan,0,5,0.0
1140,,2,EARTH,196HC,L&S,,4.0,0,1,0,0,0,0,0,,,nan,0,15,0.0
1141,,2,EARTH,198,L&S,1.0,4.0,1,1,0,0,0,0,0,,,nan,0,10,0.0
1142,,2,EARTH,199,L&S,1.0,5.0,1,1,0,0,0,0,0,,,nan,0,10,0.0
1143,,2,EARTH,199RA,L&S,1.0,5.0,1,1,0,0,0,0,0,,,nan,0,10,0.0
1144,,2,ECE,1B,ENGR,,1.0,1,0,0,0,1,0,0,930.0,1010.0,BUCHN,58,100,0.58
1145,,2,ECE,10B,ENGR,,3.0,0,1,0,1,0,1,0,840.0,915.0,HSSB,3,25,0.12
1146,,2,ECE,10BL,ENGR,,2.0,0,1,0,1,0,0,0,1140.0,1370.0,HFH,5,25,0.2
1147,,2,ECE,10C,ENGR,,3.0,0,1,0,1,0,1,0,1020.0,1095.0,BUCHN,141,140,1.0071428571428571
1148,,2,ECE,10CL,ENGR,,2.0,0,1,0,0,1,0,0,1080.0,1310.0,HFH,20,20,1.0
1149,,2,ECE,10CL,ENGR,,2.0,0,1,0,0,1,0,0,660.0,890.0,HFH,19,20,0.95
1150,,2,ECE,10CL,ENGR,,2.0,0,1,1,0,0,0,0,900.0,1130.0,HFH,21,20,1.05
1151,,2,ECE,10CL,ENGR,,2.0,0,1,1,0,0,0,0,1140.0,1370.0,HFH,19,20,0.95
1152,,2,ECE,10CL,ENGR,,2.0,0,1,0,0,0,0,1,660.0,890.0,HFH,20,20,1.0
1153,,2,ECE,10CL,ENGR,,2.0,0,1,0,0,0,0,1,960.0,1190.0,HFH,21,21,1.0
1154,,2,ECE,10CL,ENGR,,2.0,0,1,0,0,0,1,0,1140.0,1370.0,HFH,20,20,1.0
1155,,2,ECE,120B,ENGR,,4.0,0,1,1,0,1,0,0,570.0,645.0,PHELP,15,30,0.5
1156,,2,ECE,120B,ENGR,,4.0,0,1,0,1,0,0,0,1140.0,1310.0,ENGR,8,15,0.5333333333333333
1157,,2,ECE,120B,ENGR,,4.0,0,1,0,0,0,1,0,1140.0,1310.0,ENGR,7,15,0.4666666666666667
1158,,2,ECE,130C,ENGR,,4.0,0,1,1,0,1,0,0,750.0,825.0,PHELP,32,50,0.64
1159,,2,ECE,130C,ENGR,,4.0,0,1,0,0,0,0,1,600.0,710.0,ARTS,25,25,1.0
1160,,2,ECE,130C,ENGR,,4.0,0,1,0,0,0,0,1,480.0,590.0,SH,7,25,0.28
1161,,2,ECE,135,ENGR,,4.0,0,1,0,1,0,1,0,660.0,735.0,PHELP,4,30,0.13333333333333333
1162,,2,ECE,135,ENGR,,4.0,0,1,0,0,1,0,0,1020.0,1070.0,PHELP,4,30,0.13333333333333333
1163,,2,ECE,137B,ENGR,,4.0,0,1,0,1,0,1,0,660.0,735.0,SH,49,76,0.6447368421052632
1164,,2,ECE,137B,ENGR,,4.0,0,1,0,0,1,0,0,840.0,1010.0,HFH,13,25,0.52
1165,,2,ECE,137B,ENGR,,4.0,0,1,0,0,1,0,0,1140.0,1310.0,HFH,25,25,1.0
1166,,2,ECE,137B,ENGR,,4.0,0,1,0,1,0,0,0,1140.0,1310.0,HFH,11,26,0.4230769230769231
1167,,2,ECE,139,ENGR,,4.0,0,1,1,0,1,0,0,660.0,735.0,CHEM,90,100,0.9
1168,,2,ECE,139,ENGR,,4.0,0,1,0,0,0,0,1,480.0,590.0,PHELP,25,25,1.0
1169,,2,ECE,139,ENGR,,4.0,0,1,0,0,0,0,1,600.0,710.0,PHELP,25,25,1.0
1170,,2,ECE,139,ENGR,,4.0,0,1,0,0,0,0,1,720.0,830.0,GIRV,25,25,1.0
1171,,2,ECE,139,ENGR,,4.0,0,1,0,0,0,0,1,840.0,950.0,HSSB,15,25,0.6
1172,,2,ECE,141B,ENGR,,4.0,0,1,0,1,0,1,0,570.0,645.0,ENGR,1,7,0.14285714285714285
1173,,2,ECE,142,ENGR,,4.0,0,1,0,1,0,1,0,840.0,915.0,GIRV,28,40,0.7
1174,,2,ECE,145C,ENGR,,5.0,0,1,0,1,0,1,0,840.0,915.0,,4,15,0.26666666666666666
1175,,2,ECE,147C,ENGR,,5.0,0,1,1,0,1,0,0,570.0,645.0,LSB,8,10,0.8
1176,,2,ECE,150,ENGR,,4.0,0,1,0,1,0,1,0,1020.0,1095.0,PHELP,30,50,0.6
1177,,2,ECE,150,ENGR,,4.0,0,1,0,0,1,0,0,840.0,890.0,HSSB,18,25,0.72
1178,,2,ECE,150,ENGR,,4.0,0,1,0,0,1,0,0,900.0,950.0,HSSB,12,25,0.48
1179,,2,ECE,152A,ENGR,,5.0,0,1,1,0,1,0,0,930.0,1005.0,CHEM,108,110,0.9818181818181818
1180,,2,ECE,152A,ENGR,,5.0,0,1,0,1,0,0,0,1140.0,1310.0,HFH,22,22,1.0
1181,,2,ECE,152A,ENGR,,5.0,0,1,0,0,0,0,1,480.0,650.0,HFH,20,22,0.9090909090909091
1182,,2,ECE,152A,ENGR,,5.0,0,1,0,0,1,0,0,1080.0,1250.0,HFH,22,22,1.0
1183,,2,ECE,152A,ENGR,,5.0,0,1,0,0,0,0,1,720.0,890.0,HFH,22,22,1.0
1184,,2,ECE,152A,ENGR,,5.0,0,1,0,0,0,1,0,1140.0,1310.0,HFH,22,22,1.0
1185,,2,ECE,154B,ENGR,,4.0,0,1,0,1,0,1,0,930.0,1005.0,PHELP,20,30,0.6666666666666666
1186,,2,ECE,160,ENGR,,4.0,0,1,1,0,1,0,0,1020.0,1095.0,PHELP,79,90,0.8777777777777778
1187,,2,ECE,160,ENGR,,4.0,0,1,0,1,0,0,0,1020.0,1070.0,PHELP,29,30,0.9666666666666667
1188,,2,ECE,160,ENGR,,4.0,0,1,0,0,0,0,1,540.0,590.0,PHELP,21,30,0.7
1189,,2,ECE,160,ENGR,,4.0,0,1,0,0,0,0,1,600.0,650.0,PHELP,29,30,0.9666666666666667
1190,,2,ECE,162C,ENGR,,4.0,0,1,0,1,0,1,0,750.0,825.0,HSSB,1,25,0.04
1191,,2,ECE,162C,ENGR,,4.0,0,1,1,0,0,0,0,840.0,890.0,HSSB,1,25,0.04
1192,,2,ECE,179P,ENGR,,4.0,0,1,0,1,0,1,0,750.0,825.0,ENGR,15,17,0.8823529411764706
1193,,2,ECE,183,ENGR,,4.0,0,1,1,0,1,0,1,600.0,650.0,PHELP,10,12,0.8333333333333334
1194,,2,ECE,183,ENGR,,4.0,0,1,0,0,0,0,1,720.0,770.0,HSSB,5,6,0.8333333333333334
1195,,2,ECE,188C,ENGR,,3.0,0,1,1,0,1,0,0,750.0,825.0,PHELP,18,30,0.6
1196,,2,ECE,188C,ENGR,,3.0,0,1,0,0,0,0,1,780.0,830.0,PHELP,17,25,0.68
1197,,2,ECE,189B,ENGR,,4.0,0,1,1,0,1,0,0,750.0,825.0,GIRV,27,35,0.7714285714285715
1198,,2,ECE,189B,ENGR,,4.0,0,1,0,0,0,0,1,780.0,830.0,PHELP,27,35,0.7714285714285715
1199,,2,ECE,192,ENGR,,4.0,0,1,0,0,0,0,0,,,nan,0,5,0.0
1200,,2,ECE,193,ENGR,1.0,8.0,1,1,0,0,0,0,0,,,nan,0,10,0.0
1201,,2,ECE,194N,ENGR,1.0,5.0,0,1,0,1,0,1,0,750.0,825.0,PHELP,23,30,0.7666666666666667
1202,,2,ECE,194N,ENGR,1.0,5.0,0,1,0,0,0,0,1,840.0,890.0,PHELP,23,30,0.7666666666666667
1203,,2,ECE,194V,ENGR,1.0,5.0,0,1,0,1,0,1,0,930.0,1005.0,PHELP,8,30,0.26666666666666666
1204,,2,ECE,196,ENGR,2.0,4.0,1,1,0,0,0,0,0,,,nan,0,30,0.0
1205,,2,ECE,199,ENGR,1.0,5.0,1,1,0,0,0,0,0,,,nan,0,0,
1206,,2,CNCSP,97,GSE,2.0,4.0,1,1,1,0,0,0,0,960.0,1070.0,ED,0,10,0.0
1207,,2,CNCSP,99,GSE,1.0,5.0,1,1,0,0,0,0,0,,,nan,0,20,0.0
1208,,2,CNCSP,99RA,GSE,1.0,5.0,1,1,0,0,0,0,0,,,nan,0,20,0.0
1209,,2,CNCSP,101,GSE,,4.0,1,1,1,0,1,0,0,480.0,555.0,IV   THEA,100,100,1.0
1210,,2,CNCSP,101,GSE,,4.0,1,1,0,0,0,1,0,540.0,590.0,ED,25,25,1.0
1211,,2,CNCSP,101,GSE,,4.0,1,1,0,0,0,1,0,600.0,650.0,ED,25,25,1.0
1212,,2,CNCSP,101,GSE,,4.0,1,1,0,0,0,1,0,840.0,890.0,ED,25,25,1.0
1213,,2,CNCSP,101,GSE,,4.0,1,1,0,0,0,1,0,900.0,950.0,ED,25,25,1.0
1214,,2,CNCSP,102,GSE,,2.0,0,1,0,0,1,0,0,750.0,825.0,PSYCH,120,120,1.0
1215,,2,CNCSP,112,GSE,,4.0,1,1,1,0,1,0,0,1020.0,1095.0,ED,50,50,1.0
1216,,2,CNCSP,112,GSE,,4.0,1,1,0,1,0,0,0,600.0,650.0,ED,25,25,1.0
1217,,2,CNCSP,112,GSE,,4.0,1,1,0,1,0,0,0,660.0,710.0,ED,25,25,1.0
1218,,2,CNCSP,197,GSE,2.0,4.0,1,1,1,0,0,0,0,960.0,1070.0,ED,48,60,0.8
1219,,2,CNCSP,197,GSE,2.0,4.0,1,1,0,0,1,0,0,720.0,830.0,ED,2,60,0.03333333333333333
1220,,2,CNCSP,199,GSE,1.0,5.0,1,1,0,0,0,0,0,,,nan,0,20,0.0
1221,,2,CNCSP,199RA,GSE,1.0,5.0,1,1,0,0,0,0,0,,,nan,0,20,0.0
1222,,2,CH E,99,ENGR,1.0,3.0,1,1,0,0,0,0,0,,,nan,0,25,0.0
1223,,2,CH E,110B,ENGR,,3.0,0,1,1,0,1,0,1,600.0,650.0,ENGR,60,70,0.8571428571428571
1224,,2,CH E,110B,ENGR,,3.0,0,1,0,0,0,0,1,540.0,590.0,ENGR,60,70,0.8571428571428571
1225,,2,CH E,119,ENGR,,1.0,1,0,0,0,1,0,0,1050.0,1140.0,ENGR,68,72,0.9444444444444444
1226,,2,CH E,120C,ENGR,,3.0,0,1,0,1,0,1,0,480.0,555.0,BIOEN,72,80,0.9
1227,,2,CH E,132A,ENGR,,4.0,0,1,1,0,1,0,1,780.0,830.0,ENGR,55,70,0.7857142857142857
1228,,2,CH E,132A,ENGR,,4.0,0,1,1,0,0,0,0,720.0,770.0,ESB,33,35,0.9428571428571428
1229,,2,CH E,132A,ENGR,,4.0,0,1,0,0,1,0,0,720.0,770.0,ESB,22,35,0.6285714285714286
1230,,2,CH E,140A,ENGR,,3.0,0,1,0,1,0,1,0,570.0,645.0,PHELP,66,71,0.9295774647887324
1231,,2,CH E,141,ENGR,,3.0,0,1,0,1,0,1,0,750.0,825.0,ENGR,31,35,0.8857142857142857
1232,,2,CH E,171,ENGR,,3.0,0,1,0,1,0,1,0,660.0,735.0,ENGR,24,70,0.34285714285714286
1233,,2,CH E,180A,ENGR,,3.0,0,1,0,1,0,0,0,780.0,1010.0,ENGR,24,24,1.0
1234,,2,CH E,180A,ENGR,,3.0,0,1,0,0,1,0,0,780.0,1010.0,ENGR,24,24,1.0
1235,,2,CH E,180A,ENGR,,3.0,0,1,0,0,0,1,0,780.0,1010.0,ENGR,24,24,1.0
1236,,2,CH E,184B,ENGR,,3.0,0,1,0,1,0,1,0,840.0,915.0,ENGR,35,54,0.6481481481481481
1237,,2,CH E,184B,ENGR,,3.0,0,1,0,0,0,1,0,480.0,555.0,ESB,35,54,0.6481481481481481
1238,,2,CH E,196,ENGR,2.0,4.0,1,1,0,0,0,0,0,,,nan,0,10,0.0
1239,,2,CH E,198,ENGR,1.0,5.0,1,1,0,0,0,0,0,,,nan,0,10,0.0
1240,,2,CHEM CS,103,CRST,1.0,6.0,1,0,1,0,1,0,1,660.0,710.0,CRST,6,20,0.3
1241,,2,CHEM CS,110,CRST,1.0,4.0,1,0,1,0,1,0,0,570.0,645.0,,1,25,0.04
1242,,2,ANTH,2,L&S,,4.0,1,1,1,0,1,0,0,930.0,1005.0,BRDA,250,250,1.0
1243,,2,ANTH,2,L&S,,4.0,1,1,0,0,0,0,1,840.0,890.0,HSSB,25,25,1.0
1244,,2,ANTH,2,L&S,,4.0,1,1,0,0,0,0,1,480.0,530.0,HSSB,25,25,1.0
1245,,2,ANTH,2,L&S,,4.0,1,1,0,0,1,0,0,1020.0,1070.0,HSSB,25,25,1.0
1246,,2,ANTH,2,L&S,,4.0,1,1,0,0,0,0,1,720.0,770.0,HSSB,25,25,1.0
1247,,2,ANTH,2,L&S,,4.0,1,1,0,0,0,0,1,780.0,830.0,HSSB,25,25,1.0
1248,,2,ANTH,2,L&S,,4.0,1,1,0,0,1,0,0,1080.0,1130.0,HSSB,25,25,1.0
1249,,2,ANTH,2,L&S,,4.0,1,1,0,0,0,0,1,600.0,650.0,BUCHN,25,25,1.0
1250,,2,ANTH,2,L&S,,4.0,1,1,0,0,0,0,1,660.0,710.0,BUCHN,25,25,1.0
1251,,2,ANTH,2,L&S,,4.0,1,1,1,0,0,0,0,660.0,710.0,SH,25,25,1.0
1252,,2,ANTH,2,L&S,,4.0,1,1,0,0,0,0,1,540.0,590.0,HSSB,25,25,1.0
1253,,2,ANTH,3,L&S,,5.0,1,1,1,0,1,0,1,600.0,650.0,BUCHN,275,275,1.0
1254,,2,ANTH,3,L&S,,5.0,1,1,0,1,0,0,0,480.0,530.0,HSSB,25,25,1.0
1255,,2,ANTH,3,L&S,,5.0,1,1,0,0,1,0,0,960.0,1010.0,NH,25,25,1.0
1256,,2,ANTH,3,L&S,,5.0,1,1,0,0,0,1,0,540.0,590.0,PHELP,25,25,1.0
1257,,2,ANTH,3,L&S,,5.0,1,1,1,0,0,0,0,720.0,770.0,SH,25,25,1.0
1258,,2,ANTH,3,L&S,,5.0,1,1,0,0,1,0,0,660.0,710.0,SH,25,25,1.0
1259,,2,ANTH,3,L&S,,5.0,1,1,0,0,0,0,1,780.0,830.0,BUCHN,25,25,1.0
1260,,2,ANTH,3,L&S,,5.0,1,1,0,0,1,0,0,1020.0,1070.0,HSSB,25,25,1.0
1261,,2,ANTH,3,L&S,,5.0,1,1,0,1,0,0,0,900.0,950.0,SH,25,25,1.0
1262,,2,ANTH,3,L&S,,5.0,1,1,0,0,1,0,0,720.0,770.0,SH,25,25,1.0
1263,,2,ANTH,3,L&S,,5.0,1,1,0,0,0,0,1,540.0,590.0,HSSB,25,25,1.0
1264,,2,ANTH,3,L&S,,5.0,1,1,1,0,0,0,0,780.0,830.0,HSSB,25,25,1.0
1265,,2,ANTH,5,L&S,,4.0,1,1,0,1,0,1,0,660.0,735.0,BUCHN,248,250,0.992
1266,,2,ANTH,5,L&S,,4.0,1,1,0,0,0,0,1,660.0,710.0,SH,24,25,0.96
1267,,2,ANTH,5,L&S,,4.0,1,1,0,1,0,0,0,900.0,950.0,NH,25,25,1.0
1268,,2,ANTH,5,L&S,,4.0,1,1,0,0,0,0,1,720.0,770.0,SH,24,25,0.96
1269,,2,ANTH,5,L&S,,4.0,1,1,0,0,0,1,0,540.0,590.0,NH,25,25,1.0
1270,,2,ANTH,5,L&S,,4.0,1,1,0,0,0,1,0,900.0,950.0,NH,25,25,1.0
1271,,2,ANTH,5,L&S,,4.0,1,1,0,0,0,1,0,1080.0,1130.0,HSSB,25,25,1.0
1272,,2,ANTH,5,L&S,,4.0,1,1,0,0,0,1,0,840.0,890.0,TD-W,25,25,1.0
1273,,2,ANTH,5,L&S,,4.0,1,1,0,1,0,0,0,1020.0,1070.0,HSSB,25,25,1.0
1274,,2,ANTH,5,L&S,,4.0,1,1,0,0,0,1,0,960.0,1010.0,NH,25,25,1.0
1275,,2,ANTH,5,L&S,,4.0,1,1,0,0,0,0,1,540.0,590.0,HSSB,25,25,1.0
1276,,2,ANTH,9,L&S,,4.0,1,1,0,1,0,1,0,840.0,915.0,SSMS,25,25,1.0
1277,,2,ANTH,99,L&S,1.0,4.0,1,1,0,0,0,0,0,,,nan,0,1,0.0
1278,,2,ANTH,103,L&S,,4.0,1,1,0,1,0,1,0,660.0,735.0,HSSB,35,35,1.0
1279,,2,ANTH,103B,L&S,,4.0,1,1,0,1,0,1,0,750.0,825.0,NH,26,25,1.04
1280,,2,ANTH,116B,L&S,,4.0,1,1,1,0,1,0,0,930.0,1005.0,ARTS,43,42,1.0238095238095237
1281,,2,ANTH,123,L&S,,4.0,1,1,1,0,0,0,0,780.0,950.0,HSSB,18,25,0.72
1282,,2,ANTH,129,L&S,,4.0,0,1,0,1,0,1,0,570.0,645.0,HSSB,25,25,1.0
1283,,2,ANTH,131,L&S,,4.0,1,1,0,1,0,1,0,840.0,915.0,GIRV,186,200,0.93
1284,,2,ANTH,131,L&S,,4.0,1,1,0,0,0,1,0,960.0,1010.0,PHELP,25,25,1.0
1285,,2,ANTH,131,L&S,,4.0,1,1,0,0,0,1,0,1020.0,1070.0,PHELP,25,25,1.0
1286,,2,ANTH,131,L&S,,4.0,1,1,0,0,0,1,0,1080.0,1130.0,PHELP,25,25,1.0
1287,,2,ANTH,131,L&S,,4.0,1,1,0,0,0,0,1,720.0,770.0,HSSB,25,25,1.0
1288,,2,ANTH,131,L&S,,4.0,1,1,0,0,0,0,1,780.0,830.0,HSSB,25,25,1.0
1289,,2,ANTH,131,L&S,,4.0,1,1,0,0,0,0,1,840.0,890.0,HSSB,23,25,0.92
1290,,2,ANTH,131,L&S,,4.0,1,1,0,0,0,0,1,840.0,890.0,HSSB,14,25,0.56
1291,,2,ANTH,131,L&S,,4.0,1,1,0,1,0,0,0,1020.0,1070.0,PHELP,24,25,0.96
1292,,2,ANTH,157L,L&S,,4.0,1,1,1,0,1,0,0,840.0,915.0,NH,38,40,0.95
1293,,2,ANTH,169,L&S,,4.0,1,1,0,1,0,1,0,570.0,645.0,PHELP,31,30,1.0333333333333334
1294,,2,ANTH,170,L&S,,4.0,1,1,0,1,0,1,0,930.0,1005.0,PHELP,45,45,1.0
1295,,2,ANTH,190,L&S,1.0,4.0,1,1,0,0,0,0,0,,,nan,0,15,0.0
1296,,2,ANTH,193B,L&S,,2.0,1,0,0,1,0,0,0,1020.0,1095.0,BIOEN,91,90,1.011111111111111
1297,,2,ANTH,194,L&S,1.0,8.0,1,1,0,0,0,0,0,,,nan,0,1,0.0
1298,,2,ANTH,194P,L&S,1.0,4.0,1,1,0,0,0,0,0,,,nan,0,10,0.0
1299,,2,ANTH,195A,L&S,,4.0,0,1,0,0,1,0,0,720.0,890.0,HSSB,12,20,0.6
1300,,2,ANTH,195B,L&S,,4.0,0,1,0,0,0,0,0,,,nan,0,5,0.0
1301,,2,ANTH,195C,L&S,,4.0,0,1,0,0,0,0,0,,,nan,0,0,
1302,,2,ANTH,198,L&S,1.0,5.0,1,1,0,0,0,0,0,,,nan,0,1,0.0
1303,,2,ANTH,199,L&S,1.0,5.0,1,1,0,0,0,0,0,,,nan,0,1,0.0
1304,,2,ANTH,199RA,L&S,1.0,5.0,1,1,0,0,0,0,0,,,nan,0,1,0.0
1305,,2,ART CS,101,CRST,1.0,6.0,1,0,0,1,0,0,0,780.0,950.0,CRST,10,12,0.8333333333333334
1306,,2,ART CS,101,CRST,1.0,6.0,1,0,1,0,0,0,0,840.0,1010.0,CRST,12,12,1.0
1307,,2,ART CS,105,CRST,1.0,6.0,1,0,0,0,1,0,0,1020.0,1250.0,CRST,8,0,
1308,,2,ART CS,107,CRST,1.0,6.0,1,0,0,0,0,1,0,540.0,650.0,CRST,10,12,0.8333333333333334
1309,,2,ART CS,112,CRST,1.0,6.0,1,0,0,0,0,1,0,1020.0,1095.0,CRST,5,10,0.5
1310,,2,ART CS,112,CRST,1.0,6.0,1,0,0,0,1,0,0,600.0,770.0,CRST,14,15,0.9333333333333333
